activity_identifier,activity_type_code,activity_start_date,activity_start_time_time,activity_start_time_time_zone_code,activity_conducting_organization_text,monitoring_location_identifier,activity_comment_text,hydrologic_condition,sample_collection_method_method_identifier,sample_collection_method_method_identifier_context,sample_collection_method_method_name,sample_collection_equipment_name,result_measure_value,result_status_identifier,statistical_base_code,result_value_type_name,precision_value,result_comment_text,result_analytical_method_method_identifier,result_analytical_method_method_name,laboratory_name,analysis_start_date,result_laboratory_comment_text,detection_quantitation_limit_type_name,detection_quantitation_limit_measure_measure_value,detection_quantitation_limit_measure_measure_unit_code,preparation_start_date,activity_start_date_time
nwisca.01.01906210,Sample-Routine,2019-07-30,11:40:00,PDT,NA,USGS-11455315,gr24020,"Stable, normal stage",USGS,USGS,USGS,Unknown,1.93,Preliminary,mean,Actual,0.131,NA,00050,"Plant pigments, sonication & 445","USGS Biogeochemistry Lab, Menlo Park, CA",NA,NA,NA,NA,NA,NA,2019-07-30T18:40:00Z
nwisca.01.01906781,Sample-Routine,2019-09-05,11:45:00,PDT,NA,USGS-11455315,gr24111,"Stable, normal stage",50,USGS parameter code 82398,Point sample,Van Dorn sampler,1.05,Preliminary,mean,Actual,0.026,NA,00050,"Plant pigments, sonication & 445","USGS Biogeochemistry Lab, Menlo Park, CA",NA,NA,NA,NA,NA,NA,2019-09-05T18:45:00Z
nwisca.01.01600572,Sample-Routine,2015-12-08,12:45:00,PST,NA,USGS-11455350,L-3510003 X=no sta id on sample,"Stable, normal stage",50.00,USGS parameter code 82398,Point sample,Van Dorn sampler,1.9,Accepted,NA,Actual,NA,NA,00050,"Plant pigments, sonication & 445","USGS-National Water Quality Lab, Denver, CO",2015-12-22,NA,Lower Reporting Limit,0.1,ug/l,2015-12-22,2015-12-08T20:45:00Z
nwisca.01.01600602,Sample-Routine,2015-12-17,10:30:00,PST,NA,USGS-11455315,L-3570002 X=no station id on sample  X=station id not noted on btls,"Stable, normal stage",50.00,USGS parameter code 82398,Point sample,Van Dorn sampler,3,Accepted,NA,Actual,NA,NA,00050,"Plant pigments, sonication & 445","USGS-National Water Quality Lab, Denver, CO",2015-12-30,NA,Lower Reporting Limit,0.1,ug/l,2015-12-30,2015-12-17T18:30:00Z
nwisca.01.01700495,Sample-Routine,2016-11-14,12:30:00,PST,NA,USGS-11455315,L-3220009 X=station id on container,"Stable, normal stage",50.00,USGS parameter code 82398,Point sample,Van Dorn sampler,1.2,Accepted,NA,Actual,NA,NA,00050,"Plant pigments, sonication & 445","USGS-National Water Quality Lab, Denver, CO",2016-12-01,NA,Lower Reporting Limit,0.1,ug/l,2016-12-01,2016-11-14T20:30:00Z
nwisca.01.01606380,Sample-Routine,2016-09-20,10:00:00,PST,NA,USGS-11455350,"""L-2720007 Received Sep 27, 2016. Changed Station ID to current per S. Gosselink. JPC 1/20/17""","Stable, normal stage",50,USGS parameter code 82398,Point sample,Van Dorn sampler,1.3,Preliminary,NA,Actual,NA,The holding time for the processing of this sample has been exceeded,00050,"Plant pigments, sonication & 445","USGS-National Water Quality Lab, Denver, CO",2016-10-26,holding time exceededsee result comment,Lower Reporting Limit,0.1,ug/l,2016-10-26,2016-09-20T18:00:00Z
nwisca.01.01700490,Sample-Routine,2016-11-09,12:00:00,PST,NA,USGS-11455350,NA,"Stable, normal stage",50.00,USGS parameter code 82398,Point sample,Van Dorn sampler,1,Accepted,NA,Actual,NA,NA,00050,"Plant pigments, sonication & 445","USGS-National Water Quality Lab, Denver, CO",2016-12-01,NA,Lower Reporting Limit,0.1,ug/l,2016-12-01,2016-11-09T20:00:00Z
nwisca.01.01602590,Sample-Routine,2016-03-22,11:45:00,PST,NA,USGS-11455315,A-0900006 vol = 150 mL,"Stable, normal stage",50,USGS parameter code 82398,Point sample,Van Dorn sampler,4.4,Preliminary,NA,Actual,NA,Value or metadata reloaded per NWQL Rapi-Note 16-19,00050,"Plant pigments, sonication & 445","USGS-National Water Quality Lab, Denver, CO",2016-04-08,see result comment,Lower Reporting Limit,0.1,ug/l,2016-04-08,2016-03-22T19:45:00Z
nwisca.01.01602025,Sample-Routine,2016-03-08,12:30:00,PST,NA,USGS-11455350,A-0760002 Volume filtered = 150 mL,"Stable, normal stage",50.00,USGS parameter code 82398,Point sample,Van Dorn sampler,5,Accepted,NA,Actual,NA,NA,00050,"Plant pigments, sonication & 445","USGS-National Water Quality Lab, Denver, CO",2016-04-01,NA,Lower Reporting Limit,0.1,ug/l,2016-04-01,2016-03-08T20:30:00Z
nwisca.01.01605496,Sample-Routine,2016-07-12,10:00:00,PST,NA,USGS-11455350,NA,"Stable, normal stage",USGS,USGS,USGS,Unknown,3.3,Preliminary,NA,Actual,NA,NA,00050,"Plant pigments, sonication & 445","USGS-National Water Quality Lab, Denver, CO",2016-08-05,NA,Lower Reporting Limit,0.1,ug/l,2016-08-05,2016-07-12T18:00:00Z
nwisca.01.01606730,Sample-Routine,2016-09-29,09:00:00,PST,NA,USGS-11455315,NA,"Stable, normal stage",50,USGS parameter code 82398,Point sample,Van Dorn sampler,1.3,Preliminary,NA,Actual,NA,The holding time for the processing of this sample has been exceeded,00050,"Plant pigments, sonication & 445","USGS-National Water Quality Lab, Denver, CO",2016-10-28,holding time exceededsee result comment,Lower Reporting Limit,0.1,ug/l,2016-10-28,2016-09-29T17:00:00Z
nwisca.01.01601675,Quality Control Sample-Field Replicate,2016-02-09,08:45:00,PST,NA,USGS-11455350,A-0550115 volume = 150 mL,"Stable, normal stage",50.00,USGS parameter code 82398,Point sample,Van Dorn sampler,1.4,Accepted,NA,Actual,NA,NA,00050,"Plant pigments, sonication & 445","USGS-National Water Quality Lab, Denver, CO",2016-02-19,NA,Lower Reporting Limit,0.1,ug/l,2016-02-19,2016-02-09T16:45:00Z
nwisca.01.01700042,Sample-Routine,2016-10-12,11:15:00,PST,NA,USGS-11455350,NA,"Stable, normal stage",50,USGS parameter code 82398,Point sample,Van Dorn sampler,1.1,Preliminary,NA,Actual,NA,NA,00050,"Plant pigments, sonication & 445","USGS-National Water Quality Lab, Denver, CO",2016-11-03,NA,Lower Reporting Limit,0.1,ug/l,2016-11-03,2016-10-12T19:15:00Z
nwisca.01.01604156,Sample-Routine,2016-05-25,14:25:00,PST,NA,USGS-11455350,L-1530013 X=no station id on bottle,"Stable, normal stage",50,USGS parameter code 82398,Point sample,Van Dorn sampler,8.2,Accepted,NA,Actual,NA,Value or metadata reloaded per NWQL Rapi-Note 16-19,00050,"Plant pigments, sonication & 445","USGS-National Water Quality Lab, Denver, CO",2016-06-16,see result comment,Lower Reporting Limit,0.1,ug/l,2016-06-16,2016-05-25T22:25:00Z
nwisca.01.01700903,Sample-Routine,2016-12-15,08:45:00,PST,NA,USGS-11455315,NA,"Stable, normal stage",50.00,USGS parameter code 82398,Point sample,Van Dorn sampler,1.6,Accepted,NA,Actual,NA,NA,00050,"Plant pigments, sonication & 445","USGS-National Water Quality Lab, Denver, CO",2016-12-22,NA,Lower Reporting Limit,0.1,ug/l,2016-12-22,2016-12-15T16:45:00Z
nwisca.01.01602753,Sample-Routine,2016-04-05,11:15:00,PST,NA,USGS-11455350,A-1050003 Volume filt =300mL,"Stable, normal stage",50,USGS parameter code 82398,Point sample,Van Dorn sampler,8.5,Preliminary,NA,Actual,NA,Value or metadata reloaded per NWQL Rapi-Note 16-19,00050,"Plant pigments, sonication & 445","USGS-National Water Quality Lab, Denver, CO",2016-04-22,see result comment,Lower Reporting Limit,0.1,ug/l,2016-04-22,2016-04-05T19:15:00Z
nwisca.01.01605603,Sample-Routine,2016-07-26,08:45:00,PST,NA,USGS-11455315,NA,"Stable, normal stage",50,USGS parameter code 82398,Point sample,Van Dorn sampler,5.5,Preliminary,NA,Actual,NA,NA,00050,"Plant pigments, sonication & 445","USGS-National Water Quality Lab, Denver, CO",2016-08-16,NA,Lower Reporting Limit,0.1,ug/l,2016-08-16,2016-07-26T16:45:00Z
nwisca.01.01604904,Sample-Routine,2016-06-16,08:15:00,PST,NA,USGS-11455315,NA,"Stable, normal stage",50,USGS parameter code 82398,Point sample,Van Dorn sampler,27.4,Preliminary,NA,Actual,NA,The holding time for the processing of this sample has been exceeded,00050,"Plant pigments, sonication & 445","USGS-National Water Quality Lab, Denver, CO",2016-07-15,holding time exceededsample was dilutedsee result comment,Lower Reporting Limit,0.1,ug/l,2016-07-15,2016-06-16T16:15:00Z
nwisca.01.01607570,Sample-Routine,2016-05-06,13:00:00,PST,NA,USGS-11455315,"""L-1390056 X=no sta id.  Changed station I.D. to """"Station 5"""" per Stumpner. 5/23/2016 mec. Updated SID, User Code and Station Name from Station 5/BCA/Station 5 per S. Gosselink. JPC 9/7/17  Changed Station I.D. to """"Station 5"""" per Stumpner.  Deleted FCC lab codes - No FCC received. 5/23/2016 mec.","Stable, normal stage",50,USGS parameter code 82398,Point sample,Van Dorn sampler,38.3,Accepted,NA,Actual,NA,NA,00050,"Plant pigments, sonication & 445","USGS-National Water Quality Lab, Denver, CO",2016-05-26,sample was diluted,Lower Reporting Limit,0.1,ug/l,2016-05-26,2016-05-06T21:00:00Z
nwisca.01.01601784,Sample-Routine,2016-02-18,10:45:00,PST,NA,USGS-11455315,A-0630006 vol = 300 mL,"Stable, normal stage",50.00,USGS parameter code 82398,Point sample,Van Dorn sampler,1.7,Accepted,NA,Actual,NA,NA,00050,"Plant pigments, sonication & 445","USGS-National Water Quality Lab, Denver, CO",2016-03-11,NA,Lower Reporting Limit,0.1,ug/l,2016-03-11,2016-02-18T18:45:00Z
nwisca.01.01604936,Sample-Routine,2016-06-28,10:15:00,PST,NA,USGS-11455315,L-1880025 X=no sta id on sample,"Stable, normal stage",USGS,USGS,USGS,Unknown,9.4,Accepted,NA,Actual,NA,NA,00050,"Plant pigments, sonication & 445","USGS-National Water Quality Lab, Denver, CO",2016-07-15,sample was diluted,Lower Reporting Limit,0.1,ug/l,2016-07-15,2016-06-28T18:15:00Z
nwisca.01.01601145,Quality Control Sample-Field Replicate,2016-01-21,09:00:00,PST,NA,USGS-11455315,A-0270004 volume = 100 mL,"Stable, normal stage",50.00,USGS parameter code 82398,Point sample,Van Dorn sampler,2.5,Accepted,NA,Actual,NA,NA,00050,"Plant pigments, sonication & 445","USGS-National Water Quality Lab, Denver, CO",2016-02-11,NA,Lower Reporting Limit,0.1,ug/l,2016-02-11,2016-01-21T17:00:00Z
nwisca.01.01700489,Sample-Routine,2016-11-14,15:00:00,PST,NA,USGS-11455350,NA,"Stable, normal stage",50.00,USGS parameter code 82398,Point sample,Van Dorn sampler,1.8,Accepted,NA,Actual,NA,NA,00050,"Plant pigments, sonication & 445","USGS-National Water Quality Lab, Denver, CO",2016-12-01,NA,Lower Reporting Limit,0.1,ug/l,2016-12-01,2016-11-14T23:00:00Z
nwisca.01.01604151,Sample-Routine,2016-05-24,10:00:00,PST,NA,USGS-11455315,NA,"Stable, normal stage",50,USGS parameter code 82398,Point sample,Van Dorn sampler,3.7,Preliminary,NA,Actual,NA,Value or metadata reloaded per NWQL Rapi-Note 16-19,00050,"Plant pigments, sonication & 445","USGS-National Water Quality Lab, Denver, CO",2016-06-16,see result comment,Lower Reporting Limit,0.1,ug/l,2016-06-16,2016-05-24T18:00:00Z
nwisca.01.01604745,Sample-Routine,2016-06-08,07:30:00,PST,NA,USGS-11455350,"""L-1680096 FED EX LATE DELIVERY   X=ok to log in per S. Gosslink  Received June 20, 2016 Chilled containers received warm at 18.8  Degrees C""","Stable, normal stage",50,USGS parameter code 82398,Point sample,Van Dorn sampler,2.3,Preliminary,NA,Actual,NA,Value or metadata reloaded per NWQL Rapi-Note 16-19,00050,"Plant pigments, sonication & 445","USGS-National Water Quality Lab, Denver, CO",2016-06-24,see result comment,Lower Reporting Limit,0.1,ug/l,2016-06-24,2016-06-08T15:30:00Z
nwisca.01.01604157,Sample-Routine,2016-05-25,16:00:00,PST,NA,USGS-11455315,L-1530015 X=no station id on bottle,"Stable, normal stage",USGS,USGS,USGS,Unknown,8.8,Accepted,NA,Actual,NA,Value or metadata reloaded per NWQL Rapi-Note 16-19,00050,"Plant pigments, sonication & 445","USGS-National Water Quality Lab, Denver, CO",2016-06-16,see result comment,Lower Reporting Limit,0.1,ug/l,2016-06-16,2016-05-26T00:00:00Z
nwisca.01.01604750,Sample-Routine,2016-06-09,14:20:00,PST,NA,USGS-11455350,"L-1680103 FED EX LATE DELIVERY    X=ok'd to log in per sgosselink   Received June 20, 2016   Chilled containers received warm at 18.8  Degrees C","Stable, normal stage",USGS,USGS,USGS,Unknown,7.4,Accepted,NA,Actual,NA,Value or metadata reloaded per NWQL Rapi-Note 16-19,00050,"Plant pigments, sonication & 445","USGS-National Water Quality Lab, Denver, CO",2016-06-23,see result comment,Lower Reporting Limit,0.1,ug/l,2016-06-23,2016-06-09T22:20:00Z
nwisca.01.01604751,Quality Control Sample-Field Replicate,2016-06-09,15:55:00,PST,NA,USGS-11455315,"L-1680105 FED EX LATE DELIVERY    X=ok'd to log in per sgosselink  Received June 20, 2016   Chilled containers received warm at 18.8  Degrees C","Stable, normal stage",USGS,USGS,USGS,Unknown,8.6,Accepted,NA,Actual,NA,Value or metadata reloaded per NWQL Rapi-Note 16-19,00050,"Plant pigments, sonication & 445","USGS-National Water Quality Lab, Denver, CO",2016-06-23,see result comment,Lower Reporting Limit,0.1,ug/l,2016-06-23,2016-06-09T23:55:00Z
nwisca.01.01604935,Sample-Routine,2016-06-28,08:40:00,PST,NA,USGS-11455350,NA,"Stable, normal stage",USGS,USGS,USGS,Unknown,6.8,Accepted,NA,Actual,NA,NA,00050,"Plant pigments, sonication & 445","USGS-National Water Quality Lab, Denver, CO",2016-07-15,NA,Lower Reporting Limit,0.1,ug/l,2016-07-15,2016-06-28T16:40:00Z
nwisca.01.01700571,Sample-Routine,2016-11-17,09:00:00,PST,NA,USGS-11455315,L-3340006 FED EX LATE DELIVERY,"Stable, normal stage",50.00,USGS parameter code 82398,Point sample,Van Dorn sampler,1,Accepted,NA,Actual,NA,NA,00050,"Plant pigments, sonication & 445","USGS-National Water Quality Lab, Denver, CO",2016-12-08,NA,Lower Reporting Limit,0.1,ug/l,2016-12-08,2016-11-17T17:00:00Z
nwisca.01.01700208,Sample-Routine,2016-10-27,08:00:00,PST,NA,USGS-11455315,L-3070006 FED EX LATE DELIVERY,"Stable, normal stage",50,USGS parameter code 82398,Point sample,Van Dorn sampler,2,Preliminary,NA,Actual,NA,NA,00050,"Plant pigments, sonication & 445","USGS-National Water Quality Lab, Denver, CO",2016-11-10,NA,Lower Reporting Limit,0.1,ug/l,2016-11-10,2016-10-27T16:00:00Z
nwisca.01.01603882,Sample-Routine,2016-05-10,08:15:00,PST,NA,USGS-11455350,L-1390074 Deleted LC3152 per Gosselink. 5/20/2016 mec,"Stable, normal stage",50,USGS parameter code 82398,Point sample,Van Dorn sampler,20.3,Preliminary,NA,Actual,NA,Value or metadata reloaded per NWQL Rapi-Note 16-19,00050,"Plant pigments, sonication & 445","USGS-National Water Quality Lab, Denver, CO",2016-05-26,sample was dilutedsee result comment,Lower Reporting Limit,0.1,ug/l,2016-05-26,2016-05-10T16:15:00Z
nwisca.01.01606125,Sample-Routine,2016-08-30,10:00:00,PST,NA,USGS-11455350,NA,"Stable, normal stage",50,USGS parameter code 82398,Point sample,Van Dorn sampler,2.8,Preliminary,NA,Actual,NA,NA,00050,"Plant pigments, sonication & 445","USGS-National Water Quality Lab, Denver, CO",2016-09-22,NA,Lower Reporting Limit,0.1,ug/l,2016-09-22,2016-08-30T18:00:00Z
nwisca.01.01602746,Sample-Routine,2016-03-31,09:15:00,PST,NA,USGS-11455315,A-1050010 Volume filt =300mL,"Stable, normal stage",50,USGS parameter code 82398,Point sample,Van Dorn sampler,6.8,Preliminary,NA,Actual,NA,Value or metadata reloaded per NWQL Rapi-Note 16-19,00050,"Plant pigments, sonication & 445","USGS-National Water Quality Lab, Denver, CO",2016-04-22,see result comment,Lower Reporting Limit,0.1,ug/l,2016-04-22,2016-03-31T17:15:00Z
nwisca.01.01603480,Sample-Routine,2016-04-26,10:15:00,PST,NA,USGS-11455315,"""L-1250071 Deleted FCC lab codes. FCCs sent in a different container and logged in separately. 5/5/2016 mec  Deleted CHL, LC3152.  Chlorophyll samples sent in a different container and logged in separately. 5/5/2016 mec""","Stable, normal stage",50,USGS parameter code 82398,Point sample,Van Dorn sampler,8.9,Preliminary,NA,Actual,NA,Value or metadata reloaded per NWQL Rapi-Note 16-19,00050,"Plant pigments, sonication & 445","USGS-National Water Quality Lab, Denver, CO",2016-05-18,sample was dilutedsee result comment,Lower Reporting Limit,0.1,ug/l,2016-05-18,2016-04-26T18:15:00Z
nwisca.01.01600823,Sample-Routine,2016-01-05,10:15:00,PST,NA,USGS-11455350,A-0120005 Volume: 400 mL,"Stable, normal stage",50.00,USGS parameter code 82398,Point sample,Van Dorn sampler,1.3,Accepted,NA,Actual,NA,NA,00050,"Plant pigments, sonication & 445","USGS-National Water Quality Lab, Denver, CO",2016-01-27,NA,Lower Reporting Limit,0.1,ug/l,2016-01-27,2016-01-05T18:15:00Z
nwisca.01.01606126,Sample-Routine,2016-08-30,10:15:00,PST,NA,USGS-11455315,NA,"Stable, normal stage",50,USGS parameter code 82398,Point sample,Van Dorn sampler,2.5,Preliminary,NA,Actual,NA,NA,00050,"Plant pigments, sonication & 445","USGS-National Water Quality Lab, Denver, CO",2016-09-22,NA,Lower Reporting Limit,0.1,ug/l,2016-09-22,2016-08-30T18:15:00Z
nwisca.01.01605751,Sample-Routine,2016-08-09,11:45:00,PST,NA,USGS-11455350,NA,"Stable, normal stage",50,USGS parameter code 82398,Point sample,Van Dorn sampler,3,Preliminary,NA,Actual,NA,The holding time for the processing of this sample has been exceeded,00050,"Plant pigments, sonication & 445","USGS-National Water Quality Lab, Denver, CO",2016-09-08,holding time exceededsee result comment,Lower Reporting Limit,0.1,ug/l,2016-09-08,2016-08-09T19:45:00Z
nwisca.01.01700700,Sample-Routine,2016-12-08,11:00:00,PST,NA,USGS-11455350,NA,"Stable, normal stage",50.00,USGS parameter code 82398,Point sample,Van Dorn sampler,1,Accepted,NA,Actual,NA,NA,00050,"Plant pigments, sonication & 445","USGS-National Water Quality Lab, Denver, CO",2016-12-15,NA,Lower Reporting Limit,0.1,ug/l,2016-12-15,2016-12-08T19:00:00Z
nwisca.01.01607574,Sample-Routine,2016-05-06,15:00:00,PST,NA,USGS-11455350,"""L-1390060 X=no sta id on sample 9.  Changed Station I.D. to """"Station 9"""" per Stumpner. 5/23/2016 mec. Updated SID, User Code and Station Name from Station 9/BCA/Station 9 per S. Gosselink. JPC 9/7/17  Changed Station I.D. to """"Station 9"""" per Stumpner.  Deleted all FCC lab codes - FCCs not receive","Stable, normal stage",50,USGS parameter code 82398,Point sample,Van Dorn sampler,24.1,Accepted,NA,Actual,NA,NA,00050,"Plant pigments, sonication & 445","USGS-National Water Quality Lab, Denver, CO",2016-05-26,sample was diluted,Lower Reporting Limit,0.1,ug/l,2016-05-26,2016-05-06T23:00:00Z
nwisca.01.01605843,Sample-Routine,2016-08-23,08:30:00,PST,NA,USGS-11455315,NA,"Stable, normal stage",50,USGS parameter code 82398,Point sample,Van Dorn sampler,8.4,Preliminary,NA,Actual,NA,NA,00050,"Plant pigments, sonication & 445","USGS-National Water Quality Lab, Denver, CO",2016-09-14,sample was diluted,Lower Reporting Limit,0.1,ug/l,2016-09-14,2016-08-23T16:30:00Z
nwisca.01.01705742,Sample-Routine,2017-06-07,10:30:00,PST,NA,USGS-11455315,NA,"Stable, normal stage",50,USGS parameter code 82398,Point sample,Van Dorn sampler,2.6,Preliminary,NA,Actual,NA,NA,00050,"Plant pigments, sonication & 445","USGS-National Water Quality Lab, Denver, CO",2017-06-23,NA,Lower Reporting Limit,0.1,ug/l,2017-06-23,2017-06-07T18:30:00Z
nwisca.01.01706517,Sample-Routine,2017-07-11,11:15:00,PST,NA,USGS-11455315,NA,"Stable, normal stage",50,USGS parameter code 82398,Point sample,Van Dorn sampler,2.4,Preliminary,NA,Actual,NA,NA,00050,"Plant pigments, sonication & 445","USGS-National Water Quality Lab, Denver, CO",2017-07-28,NA,Lower Reporting Limit,0.1,ug/l,2017-07-28,2017-07-11T19:15:00Z
nwisca.01.01703554,Sample-Routine,2017-03-08,18:15:00,PST,NA,USGS-11455350,L-0820014 Wrote in station id from bottle to ASR.  Changed station I.D. to 11455350 as written on bottle. 3/22/2017 mec,"Stable, normal stage",50.00,USGS parameter code 82398,Point sample,Van Dorn sampler,14.1,Accepted,NA,Actual,NA,NA,00050,"Plant pigments, sonication & 445","USGS-National Water Quality Lab, Denver, CO",2017-03-31,NA,Lower Reporting Limit,0.1,ug/l,2017-03-31,2017-03-09T02:15:00Z
nwisca.01.01800824,Sample-Routine,2017-12-05,09:30:00,PST,NA,USGS-11455315,L-3540203 FED EX LATE DELIVERY,"Stable, normal stage",50.00,USGS parameter code 82398,Point sample,Van Dorn sampler,4.7,Accepted,NA,Actual,NA,NA,00050,"Plant pigments, sonication & 445","USGS-National Water Quality Lab, Denver, CO",2017-12-29,NA,Lower Reporting Limit,0.1,ug/l,2017-12-29,2017-12-05T17:30:00Z
nwisca.01.01703970,Sample-Routine,2017-04-11,08:30:00,PST,NA,USGS-11455315,NA,"Stable, normal stage",50,USGS parameter code 82398,Point sample,Van Dorn sampler,5.6,Preliminary,NA,Actual,NA,NA,00050,"Plant pigments, sonication & 445","USGS-National Water Quality Lab, Denver, CO",2017-04-21,NA,Lower Reporting Limit,0.1,ug/l,2017-04-21,2017-04-11T16:30:00Z
nwisca.01.01703189,Sample-Routine,2017-03-01,13:30:00,PST,NA,USGS-11455315,"""L-0660016 Added date to ASR from sample  X=added date to ASR from sample, time =1230""","Stable, normal stage",50.00,USGS parameter code 82398,Point sample,Van Dorn sampler,0.7,Accepted,NA,Actual,NA,NA,00050,"Plant pigments, sonication & 445","USGS-National Water Quality Lab, Denver, CO",2017-03-27,NA,Lower Reporting Limit,0.1,ug/l,2017-03-27,2017-03-01T21:30:00Z
nwisca.01.01704376,Sample-Routine,2017-05-02,10:30:00,PST,NA,USGS-11455315,NA,"Stable, normal stage",50,USGS parameter code 82398,Point sample,Van Dorn sampler,4.9,Preliminary,NA,Actual,NA,NA,00050,"Plant pigments, sonication & 445","USGS-National Water Quality Lab, Denver, CO",2017-05-11,NA,Lower Reporting Limit,0.1,ug/l,2017-05-11,2017-05-02T18:30:00Z
nwisca.01.01707092,Sample-Routine,2017-08-10,10:45:00,PST,NA,USGS-11455315,NA,"Stable, normal stage",50,USGS parameter code 82398,Point sample,Van Dorn sampler,11.1,Preliminary,NA,Actual,NA,NA,00050,"Plant pigments, sonication & 445","USGS-National Water Quality Lab, Denver, CO",2017-08-30,sample was diluted,Lower Reporting Limit,0.1,ug/l,2017-08-30,2017-08-10T18:45:00Z
nwisca.01.01706070,Sample-Routine,2017-06-27,14:00:00,PST,NA,USGS-11455315,L-1920025 X=no sta id on bottle,"Stable, normal stage",50,USGS parameter code 82398,Point sample,Van Dorn sampler,2.3,Preliminary,NA,Actual,NA,NA,00050,"Plant pigments, sonication & 445","USGS-National Water Quality Lab, Denver, CO",2017-07-20,NA,Lower Reporting Limit,0.1,ug/l,2017-07-20,2017-06-27T22:00:00Z
nwisca.01.01800186,Sample-Routine,2017-10-24,08:30:00,PST,NA,USGS-11455350,NA,"Stable, normal stage",50,USGS parameter code 82398,Point sample,Van Dorn sampler,1.6,Accepted,NA,Actual,NA,NA,00050,"Plant pigments, sonication & 445","USGS-National Water Quality Lab, Denver, CO",2017-11-17,NA,Lower Reporting Limit,0.1,ug/l,2017-11-17,2017-10-24T16:30:00Z
nwisca.01.01800833,Sample-Routine,2017-12-14,11:15:00,PST,NA,USGS-11455350,L-3550096 FED EX LATE DELIVERY,"Stable, normal stage",50.00,USGS parameter code 82398,Point sample,Van Dorn sampler,1.3,Accepted,NA,Actual,NA,NA,00050,"Plant pigments, sonication & 445","USGS-National Water Quality Lab, Denver, CO",2018-01-04,NA,Lower Reporting Limit,0.1,ug/l,2018-01-04,2017-12-14T19:15:00Z
nwisca.01.01707279,Sample-Routine,2017-08-22,10:45:00,PST,NA,USGS-11455350,NA,"Stable, normal stage",50,USGS parameter code 82398,Point sample,Van Dorn sampler,2.2,Preliminary,NA,Actual,NA,NA,00050,"Plant pigments, sonication & 445","USGS-National Water Quality Lab, Denver, CO",2017-09-14,NA,Lower Reporting Limit,0.1,ug/l,2017-09-14,2017-08-22T18:45:00Z
nwisca.01.01706071,Sample-Routine,2017-06-27,14:30:00,PST,NA,USGS-11455350,L-1920026 X=no sta id on bottle,"Stable, normal stage",50,USGS parameter code 82398,Point sample,Van Dorn sampler,1.6,Preliminary,NA,Actual,NA,NA,00050,"Plant pigments, sonication & 445","USGS-National Water Quality Lab, Denver, CO",2017-07-20,NA,Lower Reporting Limit,0.1,ug/l,2017-07-20,2017-06-27T22:30:00Z
nwisca.01.01800581,Sample-Routine,2017-11-21,10:15:00,PST,NA,USGS-11455350,NA,"Stable, normal stage",50.00,USGS parameter code 82398,Point sample,Van Dorn sampler,0.9,Accepted,NA,Actual,NA,NA,00050,"Plant pigments, sonication & 445","USGS-National Water Quality Lab, Denver, CO",2017-12-08,NA,Lower Reporting Limit,0.1,ug/l,2017-12-08,2017-11-21T18:15:00Z
nwisca.01.01703561,Sample-Routine,2017-03-15,13:15:00,PST,NA,USGS-11455350,NA,"Stable, normal stage",50,USGS parameter code 82398,Point sample,Van Dorn sampler,22.5,Accepted,NA,Actual,NA,NA,00050,"Plant pigments, sonication & 445","USGS-National Water Quality Lab, Denver, CO",2017-04-06,sample was diluted,Lower Reporting Limit,0.1,ug/l,2017-04-06,2017-03-15T21:15:00Z
nwisca.01.01800578,Sample-Routine,2017-11-16,11:00:00,PST,NA,USGS-11455315,NA,"Stable, normal stage",50.00,USGS parameter code 82398,Point sample,Van Dorn sampler,0.7,Accepted,NA,Actual,NA,NA,00050,"Plant pigments, sonication & 445","USGS-National Water Quality Lab, Denver, CO",2017-12-08,NA,Lower Reporting Limit,0.1,ug/l,2017-12-08,2017-11-16T19:00:00Z
nwisca.01.01703191,Sample-Routine,2017-03-01,15:00:00,PST,NA,USGS-11455350,L-0660018 Added date to ASR from sample  Added date to ASR from sample     time=1402,"Stable, normal stage",50.00,USGS parameter code 82398,Point sample,Van Dorn sampler,4.1,Accepted,NA,Actual,NA,NA,00050,"Plant pigments, sonication & 445","USGS-National Water Quality Lab, Denver, CO",2017-03-27,NA,Lower Reporting Limit,0.1,ug/l,2017-03-27,2017-03-01T23:00:00Z
nwisca.01.01800022,Sample-Routine,2017-10-11,17:45:00,PST,NA,USGS-11455350,L-2920163 Deleted LC3152 and added LC8997 per Raynor. 10/23/2017 mec,"Stable, normal stage",USGS,USGS,USGS,Unknown,1.9,Accepted,NA,Estimated,NA,NA,FL016,"Pigments, algae, EPA445.0 w/ACTN","USGS-National Water Quality Lab, Denver, CO",2017-10-23,value extrapolated at low end,Lower Reporting Limit,0.1,ug/l,2017-10-23,2017-10-12T01:45:00Z
nwisca.01.01708395,Sample-Routine,2017-09-19,16:42:00,PST,NA,USGS-11455315,gr21846,"Stable, normal stage",USGS,USGS,USGS,Unknown,1.4,Accepted,NA,Actual,NA,NA,00050,"Plant pigments, sonication & 445","USGS-National Water Quality Lab, Denver, CO",2017-10-13,NA,Lower Reporting Limit,0.1,ug/l,2017-10-13,2017-09-20T00:42:00Z
nwisca.01.01707646,Sample-Routine,2017-09-12,11:15:00,PST,NA,USGS-11455315,NA,"Stable, normal stage",USGS,USGS,USGS,Unknown,1.1,Preliminary,NA,Actual,NA,NA,00050,"Plant pigments, sonication & 445","USGS-National Water Quality Lab, Denver, CO",2017-10-05,NA,Lower Reporting Limit,0.1,ug/l,2017-10-05,2017-09-12T19:15:00Z
nwisca.01.01702405,Sample-Routine,2017-02-07,13:30:00,PST,NA,USGS-11455315,L-0450020 FED EX LATE DELIVERY,"Stable, normal stage",50.00,USGS parameter code 82398,Point sample,Van Dorn sampler,18.2,Accepted,NA,Actual,NA,NA,FL016,"Pigments, algae, EPA445.0 w/ACTN","USGS-National Water Quality Lab, Denver, CO",2017-03-01,NA,Lower Reporting Limit,0.1,ug/l,NA,2017-02-07T21:30:00Z
nwisca.01.01800014,Sample-Routine,2017-10-12,10:45:00,PST,NA,USGS-11455315,NA,"Stable, normal stage",50,USGS parameter code 82398,Point sample,Van Dorn sampler,1.1,Preliminary,NA,Estimated,NA,Final extraction volume was 10mL,00050,"Plant pigments, sonication & 445","USGS-National Water Quality Lab, Denver, CO",2017-11-03,see result comment,Lower Reporting Limit,0.1,ug/l,2017-11-03,2017-10-12T18:45:00Z
nwisca.01.01705737,Sample-Routine,2017-06-06,08:00:00,PST,NA,USGS-11455315,NA,"Stable, normal stage",50,USGS parameter code 82398,Point sample,Van Dorn sampler,1.8,Preliminary,NA,Actual,NA,NA,00050,"Plant pigments, sonication & 445","USGS-National Water Quality Lab, Denver, CO",2017-06-23,NA,Lower Reporting Limit,0.1,ug/l,2017-06-23,2017-06-06T16:00:00Z
nwisca.01.01702404,Sample-Routine,2017-02-07,11:15:00,PST,NA,USGS-11455350,L-0450017 FED EX LATE DELIVERY,"Stable, normal stage",50.00,USGS parameter code 82398,Point sample,Van Dorn sampler,9.2,Accepted,NA,Actual,NA,NA,FL016,"Pigments, algae, EPA445.0 w/ACTN","USGS-National Water Quality Lab, Denver, CO",2017-03-01,NA,Lower Reporting Limit,0.1,ug/l,NA,2017-02-07T19:15:00Z
nwisca.01.01708393,Sample-Routine,2017-09-19,15:39:00,PST,NA,USGS-11455350,gr21844,"Stable, normal stage",USGS,USGS,USGS,Unknown,1.4,Accepted,NA,Actual,NA,NA,00050,"Plant pigments, sonication & 445","USGS-National Water Quality Lab, Denver, CO",2017-10-13,NA,Lower Reporting Limit,0.1,ug/l,2017-10-13,2017-09-19T23:39:00Z
nwisca.01.01704380,Sample-Routine,2017-05-02,12:30:00,PST,NA,USGS-11455315,NA,"Stable, normal stage",50,USGS parameter code 82398,Point sample,Van Dorn sampler,7.4,Preliminary,NA,Actual,NA,NA,00050,"Plant pigments, sonication & 445","USGS-National Water Quality Lab, Denver, CO",2017-05-11,NA,Lower Reporting Limit,0.1,ug/l,2017-05-11,2017-05-02T20:30:00Z
nwisca.01.01707673,Sample-Routine,2017-09-14,09:30:00,PST,NA,USGS-11455350,L-2620015 X no sta id on sample Frozen containers received warm at 32.1  Degrees C,"Stable, normal stage",50,USGS parameter code 82398,Point sample,Van Dorn sampler,2.6,Preliminary,NA,Actual,NA,NA,00050,"Plant pigments, sonication & 445","USGS-National Water Quality Lab, Denver, CO",2017-10-05,NA,Lower Reporting Limit,0.1,ug/l,2017-10-05,2017-09-14T17:30:00Z
nwisca.01.01703560,Sample-Routine,2017-03-15,12:15:00,PST,NA,USGS-11455315,NA,"Stable, normal stage",50,USGS parameter code 82398,Point sample,Van Dorn sampler,21,Accepted,NA,Actual,NA,NA,00050,"Plant pigments, sonication & 445","USGS-National Water Quality Lab, Denver, CO",2017-04-06,sample was diluted,Lower Reporting Limit,0.1,ug/l,2017-04-06,2017-03-15T20:15:00Z
nwisca.01.01706528,Sample-Routine,2017-07-20,08:15:00,PST,NA,USGS-11455350,NA,"Stable, normal stage",50,USGS parameter code 82398,Point sample,Van Dorn sampler,2.2,Preliminary,NA,Actual,NA,NA,00050,"Plant pigments, sonication & 445","USGS-National Water Quality Lab, Denver, CO",2017-08-01,NA,Lower Reporting Limit,0.1,ug/l,2017-08-01,2017-07-20T16:15:00Z
nwisca.01.01800020,Sample-Routine,2017-10-11,16:10:00,PST,NA,USGS-11455315,L-2910029 X=date on sample is 10/11/2017.  Deleted LC3152 and added LC8997 per Raynor. 10/23/2017 mec. Updated Date from 10/17/2017 per S. Gosselink. JPC 6/19/18,"Stable, normal stage",USGS,USGS,USGS,Unknown,3,Accepted,NA,Actual,NA,NA,FL016,"Pigments, algae, EPA445.0 w/ACTN","USGS-National Water Quality Lab, Denver, CO",2017-10-31,NA,Lower Reporting Limit,0.1,ug/l,2017-10-31,2017-10-12T00:10:00Z
nwisca.01.01805798,Sample-Routine,2018-09-05,10:20:00,PST,NA,USGS-11455315,gr23059,"Stable, normal stage",USGS,USGS,USGS,Unknown,1.7,Accepted,NA,Estimated,NA,NA,00050,"Plant pigments, sonication & 445","USGS-National Water Quality Lab, Denver, CO",2018-09-27,value extrapolated at low end,Lower Reporting Limit,0.1,ug/l,2018-09-27,2018-09-05T18:20:00Z
nwisca.01.01900100,Sample-Routine,2018-10-17,14:25:00,PST,USGS - California Water Science Center,USGS-11455350,L-2990025 RECEIVED OCT 25 2018  Received 10/25/18,"Stable, normal stage",USGS,USGS,USGS,Unknown,0.9,Accepted,NA,Estimated,NA,NA,00050,"Plant pigments, sonication & 445","USGS-National Water Quality Lab, Denver, CO",2018-11-07,value extrapolated at low end,Lower Reporting Limit,0.1,ug/l,2018-11-07,2018-10-17T22:25:00Z
nwisca.01.01805855,Sample-Routine,2018-09-13,13:05:00,PST,NA,USGS-11455385,L-2630006 Added proposal CL18009 per ASR Comment. 9/21/2018 mec,"Stable, normal stage",USGS,USGS,USGS,Unknown,1.8,Accepted,NA,Estimated,NA,NA,00050,"Plant pigments, sonication & 445","USGS-National Water Quality Lab, Denver, CO",2018-09-28,value extrapolated at low end,Lower Reporting Limit,0.1,ug/l,2018-09-28,2018-09-13T21:05:00Z
nwisca.01.01900089,Sample-Routine,2018-10-02,11:15:00,PST,NA,USGS-11455385,NA,"Stable, normal stage",50,USGS parameter code 82398,Point sample,Van Dorn sampler,0.7,Preliminary,NA,Estimated,NA,NA,00050,"Plant pigments, sonication & 445","USGS-National Water Quality Lab, Denver, CO",2018-10-26,value extrapolated at low end,Lower Reporting Limit,0.1,ug/l,2018-10-26,2018-10-02T19:15:00Z
nwisca.01.01804338,Sample-Routine,2018-06-07,12:30:00,PST,NA,USGS-11455315,NA,"Stable, normal stage",50,USGS parameter code 82398,Point sample,Van Dorn sampler,1.1,Preliminary,NA,Estimated,NA,NA,00050,"Plant pigments, sonication & 445","USGS-National Water Quality Lab, Denver, CO",2018-06-29,value extrapolated at low end,Lower Reporting Limit,0.1,ug/l,2018-06-29,2018-06-07T20:30:00Z
nwisca.01.01900738,Sample-Routine,2018-10-16,15:40:00,PST,NA,USGS-11455385,L-2980196 Received 10/25/18,"Stable, normal stage",USGS,USGS,USGS,Unknown,0.8,Accepted,NA,Estimated,NA,NA,00050,"Plant pigments, sonication & 445","USGS-National Water Quality Lab, Denver, CO",2018-11-07,value extrapolated at low end,Lower Reporting Limit,0.1,ug/l,2018-11-07,2018-10-16T23:40:00Z
nwisca.01.01803864,Sample-Routine,2018-05-08,10:45:00,PST,NA,USGS-11455315,"""L-1490060 Received May 25, 2018""","Stable, normal stage",50,USGS parameter code 82398,Point sample,Van Dorn sampler,1.1,Preliminary,NA,Estimated,NA,NA,00050,"Plant pigments, sonication & 445","USGS-National Water Quality Lab, Denver, CO",2018-06-01,value extrapolated at low end,Lower Reporting Limit,0.1,ug/l,2018-06-01,2018-05-08T18:45:00Z
nwisca.01.01805793,Sample-Routine,2018-09-05,08:00:00,PST,NA,USGS-11455385,L-2560002 Please put proposal number in Proposal Number field on ASR.,"Stable, normal stage",USGS,USGS,USGS,Unknown,1.7,Accepted,NA,Estimated,NA,NA,00050,"Plant pigments, sonication & 445","USGS-National Water Quality Lab, Denver, CO",2018-09-27,value extrapolated at low end,Lower Reporting Limit,0.1,ug/l,2018-09-27,2018-09-05T16:00:00Z
nwisca.01.01803349,Sample-Routine,2018-04-18,12:00:00,PST,NA,USGS-11455315,NA,"Stable, normal stage",USGS,USGS,USGS,Unknown,1.3,Preliminary,NA,Actual,NA,NA,00050,"Plant pigments, sonication & 445","USGS-National Water Quality Lab, Denver, CO",2018-05-02,NA,Lower Reporting Limit,0.1,ug/l,2018-05-02,2018-04-18T20:00:00Z
nwisca.01.01803910,Sample-Routine,2018-05-15,11:00:00,PST,NA,USGS-11455350,"""L-1490073 Received May 25, 2018""","Stable, normal stage",50,USGS parameter code 82398,Point sample,Van Dorn sampler,1.5,Preliminary,NA,Estimated,NA,NA,00050,"Plant pigments, sonication & 445","USGS-National Water Quality Lab, Denver, CO",2018-06-07,value extrapolated at low end,Lower Reporting Limit,0.1,ug/l,2018-06-07,2018-05-15T19:00:00Z
nwisca.01.01900740,Sample-Routine,2018-11-28,08:45:00,PST,NA,USGS-11455315,NA,"Stable, normal stage",50.00,USGS parameter code 82398,Point sample,Van Dorn sampler,1,Preliminary,NA,Estimated,NA,NA,00050,"Plant pigments, sonication & 445","USGS-National Water Quality Lab, Denver, CO",2018-12-20,NA,Lower Reporting Limit,0.1,ug/l,2018-12-20,2018-11-28T16:45:00Z
nwisca.01.01805099,Sample-Routine,2018-07-26,08:00:00,PST,USGS - California Water Science Center,USGS-11455315,"L-2150004 Received August 02, 2018  Received August 2, 2018.  Received August 2, 2018.  Added LC3152. no analyses requested. 8/6/2018 mec   Added LC8994 and proposal CL18009. 8/21/2018 mec","Stable, normal stage",USGS,USGS,USGS,Unknown,2,Accepted,NA,Estimated,NA,The holding time for the processing of this sample has been exceeded,00050,"Plant pigments, sonication & 445","USGS-National Water Quality Lab, Denver, CO",2018-08-20,holding time exceededvalue extrapolated at low endsee result comment,Lower Reporting Limit,0.1,ug/l,2018-08-20,2018-07-26T16:00:00Z
nwisca.01.01805102,Sample-Routine,2018-07-26,09:05:00,PST,USGS - California Water Science Center,USGS-11455350,"L-2150006 Received August 02, 2018  Received August 2, 2018.  Received August 2, 2018.  Added LC3152. no analyses requested. 8/6/2018 mec   Added LC8994 and proposal CL18009. 8/21/2018 mec","Stable, normal stage",USGS,USGS,USGS,Unknown,2.1,Accepted,NA,Estimated,NA,The holding time for the processing of this sample has been exceeded,00050,"Plant pigments, sonication & 445","USGS-National Water Quality Lab, Denver, CO",2018-08-20,holding time exceededvalue extrapolated at low endsee result comment,Lower Reporting Limit,0.1,ug/l,2018-08-20,2018-07-26T17:05:00Z
nwisca.01.01804313,Sample-Routine,2018-05-30,09:50:00,PST,NA,USGS-11455315,NA,"Stable, normal stage",USGS,USGS,USGS,Unknown,1.4,Accepted,NA,Estimated,NA,NA,00050,"Plant pigments, sonication & 445","USGS-National Water Quality Lab, Denver, CO",2018-06-20,value extrapolated at low end,Lower Reporting Limit,0.1,ug/l,2018-06-20,2018-05-30T17:50:00Z
nwisca.01.01803938,Sample-Routine,2018-05-17,15:05:00,PST,USGS - California Water Science Center,USGS-11455315,"L-1490053 Received May 25, 2018","Stable, normal stage",USGS,USGS,USGS,Unknown,1.5,Accepted,NA,Estimated,NA,NA,00050,"Plant pigments, sonication & 445","USGS-National Water Quality Lab, Denver, CO",2018-06-08,value extrapolated at low end,Lower Reporting Limit,0.1,ug/l,2018-06-08,2018-05-17T23:05:00Z
nwisca.01.01801698,Sample-Routine,2018-02-13,11:45:00,PST,NA,USGS-11455350,NA,"Stable, normal stage",50.00,USGS parameter code 82398,Point sample,Van Dorn sampler,2.6,Accepted,NA,Actual,NA,NA,00050,"Plant pigments, sonication & 445","USGS-National Water Quality Lab, Denver, CO",2018-03-02,NA,Lower Reporting Limit,0.1,ug/l,2018-03-02,2018-02-13T19:45:00Z
nwisca.01.01803935,Sample-Routine,2018-05-17,14:30:00,PST,USGS - California Water Science Center,USGS-11455350,"L-1490032 Received May 25, 2018","Stable, normal stage",USGS,USGS,USGS,Unknown,1.4,Accepted,NA,Estimated,NA,NA,00050,"Plant pigments, sonication & 445","USGS-National Water Quality Lab, Denver, CO",2018-06-07,value extrapolated at low end,Lower Reporting Limit,0.1,ug/l,2018-06-07,2018-05-17T22:30:00Z
nwisca.01.01805588,Sample-Routine,2018-08-23,13:50:00,PST,NA,USGS-11455315,gr23020,"Stable, normal stage",USGS,USGS,USGS,Unknown,2.7,Accepted,NA,Actual,NA,NA,00050,"Plant pigments, sonication & 445","USGS-National Water Quality Lab, Denver, CO",2018-09-14,NA,Lower Reporting Limit,0.1,ug/l,2018-09-14,2018-08-23T21:50:00Z
nwisca.01.01805869,Quality Control Sample-Field Replicate,2018-09-13,13:25:00,PST,NA,USGS-11455315,gr23138,"Stable, normal stage",USGS,USGS,USGS,Unknown,1.8,Accepted,NA,Estimated,NA,NA,00050,"Plant pigments, sonication & 445","USGS-National Water Quality Lab, Denver, CO",2018-09-28,value extrapolated at low end,Lower Reporting Limit,0.1,ug/l,2018-09-28,2018-09-13T21:25:00Z
nwisca.01.01802973,Sample-Routine,2018-04-10,09:45:00,PST,NA,USGS-11455350,NA,"Stable, normal stage",50,USGS parameter code 82398,Point sample,Van Dorn sampler,1.7,Preliminary,NA,Actual,NA,NA,00050,"Plant pigments, sonication & 445","USGS-National Water Quality Lab, Denver, CO",2018-04-24,NA,Lower Reporting Limit,0.1,ug/l,2018-04-24,2018-04-10T17:45:00Z
nwisca.01.01805582,Sample-Routine,2018-08-23,09:05:00,PST,NA,USGS-11455385,L-2430020 Added proposal CL18009 per Gosselink. 9/5/2018 mec,"Stable, normal stage",USGS,USGS,USGS,Unknown,1.5,Accepted,NA,Estimated,NA,NA,00050,"Plant pigments, sonication & 445","USGS-National Water Quality Lab, Denver, CO",2018-09-14,value extrapolated at low end,Lower Reporting Limit,0.1,ug/l,2018-09-14,2018-08-23T17:05:00Z
nwisca.01.01801055,Sample-Routine,2018-01-11,09:15:00,PST,NA,USGS-11455315,NA,"Stable, normal stage",50.00,USGS parameter code 82398,Point sample,Van Dorn sampler,2.1,Accepted,NA,Actual,NA,NA,00050,"Plant pigments, sonication & 445","USGS-National Water Quality Lab, Denver, CO",2018-01-29,NA,Lower Reporting Limit,0.1,ug/l,2018-01-29,2018-01-11T17:15:00Z
nwisca.01.01804311,Sample-Routine,2018-05-30,08:25:00,PST,NA,USGS-11455350,NA,"Stable, normal stage",USGS,USGS,USGS,Unknown,1,Accepted,NA,Estimated,NA,NA,00050,"Plant pigments, sonication & 445","USGS-National Water Quality Lab, Denver, CO",2018-06-20,value extrapolated at low end,Lower Reporting Limit,0.1,ug/l,2018-06-20,2018-05-30T16:25:00Z
nwisca.01.01900101,Sample-Routine,2018-10-17,15:05:00,PST,USGS - California Water Science Center,USGS-11455315,L-2990014 Received 10/25/18,"Stable, normal stage",USGS,USGS,USGS,Unknown,0.7,Accepted,NA,Estimated,NA,NA,00050,"Plant pigments, sonication & 445","USGS-National Water Quality Lab, Denver, CO",2018-11-07,value extrapolated at low end,Lower Reporting Limit,0.1,ug/l,2018-11-07,2018-10-17T23:05:00Z
nwisca.01.01804855,Sample-Routine,2018-07-17,12:00:00,PST,NA,USGS-11455385,"""L-2050126 Received July 24, 2018""","Stable, normal stage",50,USGS parameter code 82398,Point sample,Van Dorn sampler,1.4,Preliminary,NA,Estimated,NA,NA,00050,"Plant pigments, sonication & 445","USGS-National Water Quality Lab, Denver, CO",2018-08-01,value extrapolated at low end,Lower Reporting Limit,0.1,ug/l,2018-08-01,2018-07-17T20:00:00Z
nwisca.01.01900143,Quality Control Sample-Field Replicate,2018-10-10,10:00:00,PST,NA,USGS-11455315,L-2990055 Received 10/25/18,"Stable, normal stage",50,USGS parameter code 82398,Point sample,Van Dorn sampler,0.7,Preliminary,NA,Estimated,NA,NA,00050,"Plant pigments, sonication & 445","USGS-National Water Quality Lab, Denver, CO",2018-11-02,value extrapolated at low end,Lower Reporting Limit,0.1,ug/l,2018-11-02,2018-10-10T18:00:00Z
nwisca.01.01802910,Sample-Routine,2018-04-03,10:15:00,PST,NA,USGS-11455315,NA,"Stable, normal stage",50,USGS parameter code 82398,Point sample,Van Dorn sampler,1.6,Preliminary,NA,Actual,NA,NA,00050,"Plant pigments, sonication & 445","USGS-National Water Quality Lab, Denver, CO",2018-04-24,NA,Lower Reporting Limit,0.1,ug/l,2018-04-24,2018-04-03T18:15:00Z
nwisca.01.01801552,Quality Control Sample-Field Replicate,2018-02-08,10:30:00,PST,NA,USGS-11455315,NA,"Stable, normal stage",50.00,USGS parameter code 82398,Point sample,Van Dorn sampler,1.6,Accepted,NA,Actual,NA,NA,00050,"Plant pigments, sonication & 445","USGS-National Water Quality Lab, Denver, CO",2018-02-22,NA,Lower Reporting Limit,0.1,ug/l,2018-02-22,2018-02-08T18:30:00Z
nwisca.01.01900737,Sample-Routine,2018-10-16,15:10:00,PST,NA,USGS-11455315,L-2980198 Received 10/25/18,"Stable, normal stage",USGS,USGS,USGS,Unknown,0.6,Accepted,NA,Estimated,NA,NA,00050,"Plant pigments, sonication & 445","USGS-National Water Quality Lab, Denver, CO",2018-11-07,value extrapolated at low end,Lower Reporting Limit,0.1,ug/l,2018-11-07,2018-10-16T23:10:00Z
nwisca.01.01802242,Sample-Routine,2018-03-15,10:00:00,PST,NA,USGS-11455350,NA,"Stable, normal stage",50,USGS parameter code 82398,Point sample,Van Dorn sampler,1.4,Preliminary,NA,Actual,NA,NA,00050,"Plant pigments, sonication & 445","USGS-National Water Quality Lab, Denver, CO",2018-03-30,NA,Lower Reporting Limit,0.1,ug/l,2018-03-30,2018-03-15T18:00:00Z
nwisca.01.01802122,Sample-Routine,2018-03-06,09:15:00,PST,NA,USGS-11455315,NA,"Stable, normal stage",50.00,USGS parameter code 82398,Point sample,Van Dorn sampler,2.1,Accepted,NA,Actual,NA,NA,00050,"Plant pigments, sonication & 445","USGS-National Water Quality Lab, Denver, CO",2018-03-23,NA,Lower Reporting Limit,0.1,ug/l,2018-03-23,2018-03-06T17:15:00Z
nwisca.01.02000792,Sample-Routine,2019-12-11,12:45:00,PST,NA,USGS-11455315,NA,"Stable, normal stage",50.00,USGS parameter code 82398,Point sample,Van Dorn sampler,1.2,Accepted,NA,Actual,NA,NA,00050,"Plant pigments, sonication & 445","USGS-National Water Quality Lab, Denver, CO",2019-12-27,NA,Lower Reporting Limit,0.1,ug/l,2019-12-27,2019-12-11T20:45:00Z
nwisca.01.01903940,Sample-Routine,2019-04-10,12:05:00,PST,NA,USGS-11455385,NA,"Stable, normal stage",50,USGS parameter code 82398,Point sample,Van Dorn sampler,5.6,Preliminary,NA,Actual,NA,NA,00050,"Plant pigments, sonication & 445","USGS-National Water Quality Lab, Denver, CO",2019-04-25,NA,Lower Reporting Limit,0.1,ug/l,2019-04-25,2019-04-10T20:05:00Z
nwisca.01.01906270,Sample-Routine,2019-07-30,10:45:00,PST,NA,USGS-11455315,L-2190006 Updated Time from 1046 per C. Sturgeon. JPC 8/28/19,"Stable, normal stage",50,USGS parameter code 82398,Point sample,Van Dorn sampler,3,Preliminary,NA,Actual,NA,NA,00050,"Plant pigments, sonication & 445","USGS-National Water Quality Lab, Denver, CO",2019-08-09,NA,Lower Reporting Limit,0.1,ug/l,2019-08-09,2019-07-30T18:45:00Z
nwisca.01.01906780,Sample-Routine,2019-09-05,11:15:00,PST,NA,USGS-11455315,L-2610030 X = No Station ID on bottle.,"Stable, normal stage",50,USGS parameter code 82398,Point sample,Van Dorn sampler,1,Preliminary,NA,Actual,NA,The holding time for the processing of this sample has been exceeded,00050,"Plant pigments, sonication & 445","USGS-National Water Quality Lab, Denver, CO",2019-10-03,holding time exceededsee result comment,Lower Reporting Limit,0.1,ug/l,2019-10-03,2019-09-05T19:15:00Z
nwisca.01.01903291,Sample-Routine,2019-03-28,09:00:00,PST,NA,USGS-11455385,NA,"Stable, normal stage",50,USGS parameter code 82398,Point sample,Van Dorn sampler,3.4,Preliminary,NA,Actual,NA,NA,00050,"Plant pigments, sonication & 445","USGS-National Water Quality Lab, Denver, CO",2019-04-17,NA,Lower Reporting Limit,0.1,ug/l,2019-04-17,2019-03-28T17:00:00Z
nwisca.01.02003069,Sample-Routine,2020-06-24,14:15:00,PST,USGS - California Water Science Center,USGS-11455315,NA,"Stable, normal stage",50,USGS parameter code 82398,Point sample,Van Dorn sampler,2,Preliminary,NA,Actual,NA,Hold time parameters were exceeded during the collection to prep phase of sample processing.,00050,"Plant pigments, sonication & 445","USGS-National Water Quality Lab, Denver, CO",2020-07-17,holding time exceededsee result comment,Lower Reporting Limit,0.1,ug/l,NA,2020-06-24T22:15:00Z
nwisca.01.02000171,Sample-Routine,2019-10-11,10:25:00,PST,NA,USGS-11455385,gr24242,"Stable, normal stage",4030,USGS parameter code 82398,Suction pump,Diaphragm pump,1.49,Preliminary,mean,Actual,0.137,NA,00050,"Plant pigments, sonication & 445","USGS Biogeochemistry Lab, Menlo Park, CA",NA,NA,NA,NA,NA,NA,2019-10-11T18:25:00Z
nwisca.01.01905511,Sample-Routine,2019-06-13,12:00:00,PST,NA,USGS-11455385,NA,"Stable, normal stage",50,USGS parameter code 82398,Point sample,Van Dorn sampler,1.8,Preliminary,NA,Actual,NA,NA,00050,"Plant pigments, sonication & 445","USGS-National Water Quality Lab, Denver, CO",2019-07-02,NA,Lower Reporting Limit,0.1,ug/l,2019-07-02,2019-06-13T20:00:00Z
nwisca.01.01903939,Sample-Routine,2019-04-10,11:55:00,PST,NA,USGS-11455315,NA,"Stable, normal stage",50,USGS parameter code 82398,Point sample,Van Dorn sampler,17.2,Preliminary,NA,Actual,NA,NA,00050,"Plant pigments, sonication & 445","USGS-National Water Quality Lab, Denver, CO",2019-04-25,NA,Lower Reporting Limit,0.1,ug/l,2019-04-25,2019-04-10T19:55:00Z
nwisca.01.01904828,Sample-Routine,2019-04-30,08:15:00,PST,NA,USGS-11455315,"""L-1560121 Sample Type missing in mandatory field, JR. Updated SID from 11415315 and added missing ST per K. O'Donnell. JPC 5/29/19""","Stable, normal stage",50,USGS parameter code 82398,Point sample,Van Dorn sampler,2.9,Preliminary,NA,Actual,NA,NA,00050,"Plant pigments, sonication & 445","USGS-National Water Quality Lab, Denver, CO",2019-05-17,NA,Lower Reporting Limit,0.1,ug/l,2019-05-17,2019-04-30T16:15:00Z
nwisca.01.02000180,Sample-Routine,2019-10-17,11:45:00,PST,NA,USGS-11455315,NA,"Stable, normal stage",50,USGS parameter code 82398,Point sample,Van Dorn sampler,1.2,Preliminary,NA,Actual,NA,NA,00050,"Plant pigments, sonication & 445","USGS-National Water Quality Lab, Denver, CO",2019-11-07,NA,Lower Reporting Limit,0.1,ug/l,2019-11-07,2019-10-17T19:45:00Z
nwisca.01.02003420,Sample-Routine,2020-07-23,15:40:00,PST,USGS - California Water Science Center,USGS-11455315,NA,"Stable, normal stage",50,USGS parameter code 82398,Point sample,Van Dorn sampler,0.8,Preliminary,NA,Actual,NA,NA,00050,"Plant pigments, sonication & 445","USGS Biogeochemistry Lab, Menlo Park, CA",NA,NA,NA,NA,NA,NA,2020-07-23T23:40:00Z
nwisca.01.01904390,Sample-Routine,2019-04-16,10:15:00,PST,NA,USGS-11455385,L-1210027 Updated MC/ST from WSQ/5 per K. O'Donnell. JPC5/16/19,"Stable, normal stage",50,USGS parameter code 82398,Point sample,Van Dorn sampler,3,Preliminary,NA,Actual,NA,NA,00050,"Plant pigments, sonication & 445","USGS-National Water Quality Lab, Denver, CO",2019-05-10,NA,Lower Reporting Limit,0.1,ug/l,2019-05-10,2019-04-16T18:15:00Z
nwisca.01.01902951,Sample-Routine,2019-03-19,11:30:00,PST,NA,USGS-11455385,NA,"Stable, normal stage",50,USGS parameter code 82398,Point sample,Van Dorn sampler,8.8,Preliminary,NA,Actual,NA,NA,00050,"Plant pigments, sonication & 445","USGS-National Water Quality Lab, Denver, CO",2019-03-29,NA,Lower Reporting Limit,0.1,ug/l,2019-03-29,2019-03-19T19:30:00Z
nwisca.01.01906282,Sample-Routine,2019-08-06,09:45:00,PST,NA,USGS-11455385,L-2330074 RECEIVED AUG 20 2019.,"Stable, normal stage",50,USGS parameter code 82398,Point sample,Van Dorn sampler,1.6,Preliminary,NA,Actual,NA,NA,00050,"Plant pigments, sonication & 445","USGS-National Water Quality Lab, Denver, CO",2019-08-30,NA,Lower Reporting Limit,0.1,ug/l,2019-08-30,2019-08-06T17:45:00Z
nwisca.01.02000864,Sample-Routine,2019-12-18,12:45:00,PST,NA,USGS-11455385,NA,"Stable, normal stage",50.00,USGS parameter code 82398,Point sample,Van Dorn sampler,1,Accepted,NA,Actual,NA,NA,00050,"Plant pigments, sonication & 445","USGS-National Water Quality Lab, Denver, CO",2020-01-10,NA,Lower Reporting Limit,0.1,ug/l,2020-01-10,2019-12-18T20:45:00Z
nwisca.01.01901362,Sample-Routine,2019-02-05,09:30:00,PST,NA,USGS-11455385,NA,"Stable, normal stage",50.00,USGS parameter code 82398,Point sample,Van Dorn sampler,2,Accepted,NA,Actual,NA,NA,00050,"Plant pigments, sonication & 445","USGS-National Water Quality Lab, Denver, CO",2019-02-21,NA,Lower Reporting Limit,0.1,ug/l,2019-02-21,2019-02-05T17:30:00Z
nwisca.01.01905251,Sample-Routine,2019-05-29,08:00:00,PST,NA,USGS-11455315,NA,"Stable, normal stage",50,USGS parameter code 82398,Point sample,Van Dorn sampler,1.2,Preliminary,NA,Actual,NA,NA,00050,"Plant pigments, sonication & 445","USGS-National Water Quality Lab, Denver, CO",2019-06-19,NA,Lower Reporting Limit,0.1,ug/l,2019-06-19,2019-05-29T16:00:00Z
nwisca.01.01902950,Sample-Routine,2019-03-19,11:10:00,PST,NA,USGS-11455315,NA,"Stable, normal stage",USGS,USGS,USGS,Unknown,12.9,Preliminary,NA,Actual,NA,NA,00050,"Plant pigments, sonication & 445","USGS-National Water Quality Lab, Denver, CO",2019-03-29,NA,Lower Reporting Limit,0.1,ug/l,2019-03-29,2019-03-19T19:10:00Z
nwisca.01.02000170,Sample-Routine,2019-10-11,10:10:00,PST,NA,USGS-11455315,gr24241,"Stable, normal stage",4030,USGS parameter code 82398,Suction pump,Diaphragm pump,1.7,Preliminary,NA,Actual,NA,NA,00050,"Plant pigments, sonication & 445","USGS Biogeochemistry Lab, Menlo Park, CA",NA,NA,NA,NA,NA,NA,2019-10-11T18:10:00Z
nwisca.01.02000793,Sample-Routine,2019-12-11,12:40:00,PST,NA,USGS-11455315,gr24354,"Stable, normal stage",USGS,USGS,USGS,Unknown,1.1,Preliminary,NA,Actual,NA,NA,00050,"Plant pigments, sonication & 445","USGS Biogeochemistry Lab, Menlo Park, CA",NA,NA,NA,NA,NA,NA,2019-12-11T20:40:00Z
nwisca.01.01906851,Sample-Routine,2019-09-17,12:15:00,PST,NA,USGS-11455385,NA,"Stable, normal stage",50,USGS parameter code 82398,Point sample,Van Dorn sampler,1.4,Preliminary,NA,Actual,NA,The holding time for the processing of this sample has been exceeded,00050,"Plant pigments, sonication & 445","USGS-National Water Quality Lab, Denver, CO",2019-10-17,holding time exceededsee result comment,Lower Reporting Limit,0.1,ug/l,2019-10-17,2019-09-17T20:15:00Z
nwisca.01.02001420,Sample-Routine,2020-01-15,11:40:00,PST,NA,USGS-11455315,gr24408,"Stable, normal stage",4030,USGS parameter code 82398,Suction pump,Diaphragm pump,2,Preliminary,NA,Actual,NA,NA,00050,"Plant pigments, sonication & 445","USGS Biogeochemistry Lab, Menlo Park, CA",NA,NA,NA,NA,NA,NA,2020-01-15T19:40:00Z
nwisca.01.02001772,Sample-Routine,2020-01-28,23:00:00,PST,NA,USGS-11455315,gr24427,"Stable, normal stage",50,USGS parameter code 82398,Point sample,Van Dorn sampler,2.9,Preliminary,NA,Actual,NA,NA,00050,"Plant pigments, sonication & 445","USGS Biogeochemistry Lab, Menlo Park, CA",NA,NA,NA,NA,NA,NA,2020-01-29T07:00:00Z
nwisca.01.02001467,Sample-Routine,2020-01-15,11:25:00,PST,NA,USGS-11455385,NA,"Stable, normal stage",USGS,USGS,USGS,Unknown,1.8,Preliminary,NA,Actual,NA,NA,00050,"Plant pigments, sonication & 445","USGS-National Water Quality Lab, Denver, CO",2020-02-05,NA,Lower Reporting Limit,0.1,ug/l,2020-02-05,2020-01-15T19:25:00Z
nwisca.01.02001390,Sample-Routine,2020-01-07,09:30:00,PST,NA,USGS-11455315,gr24381,"Stable, normal stage",70,USGS parameter code 82398,Grab sample  (dip),Van Dorn sampler,1.5,Preliminary,NA,Actual,NA,NA,00050,"Plant pigments, sonication & 445","USGS Biogeochemistry Lab, Menlo Park, CA",NA,NA,NA,NA,NA,NA,2020-01-07T17:30:00Z
nwisca.01.02001774,Sample-Routine,2020-01-29,02:55:00,PST,NA,USGS-11455315,gr24429,"Stable, normal stage",50,USGS parameter code 82398,Point sample,Van Dorn sampler,4.4,Preliminary,NA,Actual,NA,NA,00050,"Plant pigments, sonication & 445","USGS Biogeochemistry Lab, Menlo Park, CA",NA,NA,NA,NA,NA,NA,2020-01-29T10:55:00Z
nwisca.01.02001777,Sample-Routine,2020-01-29,10:15:00,PST,NA,USGS-11455315,gr24436,"Stable, normal stage",50,USGS parameter code 82398,Point sample,Van Dorn sampler,2.9,Preliminary,NA,Actual,NA,NA,00050,"Plant pigments, sonication & 445","USGS Biogeochemistry Lab, Menlo Park, CA",NA,NA,NA,NA,NA,NA,2020-01-29T18:15:00Z
nwisca.01.02001773,Sample-Routine,2020-01-29,01:00:00,PST,NA,USGS-11455315,gr24428,"Stable, normal stage",50,USGS parameter code 82398,Point sample,Van Dorn sampler,4.8,Preliminary,NA,Actual,NA,NA,00050,"Plant pigments, sonication & 445","USGS Biogeochemistry Lab, Menlo Park, CA",NA,NA,NA,NA,NA,NA,2020-01-29T09:00:00Z
nwisca.01.02001769,Sample-Routine,2020-01-28,22:05:00,PST,NA,USGS-11455315,NA,"Stable, normal stage",USGS,USGS,USGS,Unknown,2.1,Preliminary,NA,Actual,NA,NA,00050,"Plant pigments, sonication & 445","USGS-National Water Quality Lab, Denver, CO",2020-02-14,NA,Lower Reporting Limit,0.1,ug/l,2020-02-14,2020-01-29T06:05:00Z
nwisca.01.02001419,Sample-Routine,2020-01-15,11:20:00,PST,NA,USGS-11455385,gr24407,"Stable, normal stage",4030,USGS parameter code 82398,Suction pump,Diaphragm pump,1.8,Preliminary,NA,Actual,NA,NA,00050,"Plant pigments, sonication & 445","USGS Biogeochemistry Lab, Menlo Park, CA",NA,NA,NA,NA,NA,NA,2020-01-15T19:20:00Z
nwisca.01.02001770,Sample-Routine,2020-01-29,01:05:00,PST,NA,USGS-11455315,NA,"Stable, normal stage",USGS,USGS,USGS,Unknown,4.2,Preliminary,NA,Actual,NA,NA,00050,"Plant pigments, sonication & 445","USGS-National Water Quality Lab, Denver, CO",2020-02-14,NA,Lower Reporting Limit,0.1,ug/l,2020-02-14,2020-01-29T09:05:00Z
nwisca.01.02001900,Sample-Routine,2020-02-18,09:30:00,PST,NA,USGS-11455385,NA,"Stable, normal stage",50.00,USGS parameter code 82398,Point sample,Van Dorn sampler,2,Accepted,NA,Actual,NA,NA,00050,"Plant pigments, sonication & 445","USGS-National Water Quality Lab, Denver, CO",2020-02-28,NA,Lower Reporting Limit,0.1,ug/l,2020-02-28,2020-02-18T17:30:00Z
nwisca.01.02001776,Sample-Routine,2020-01-29,07:00:00,PST,NA,USGS-11455315,gr24435,"Stable, normal stage",50,USGS parameter code 82398,Point sample,Van Dorn sampler,2,Preliminary,NA,Actual,NA,NA,00050,"Plant pigments, sonication & 445","USGS Biogeochemistry Lab, Menlo Park, CA",NA,NA,NA,NA,NA,NA,2020-01-29T15:00:00Z
nwisca.01.02001775,Sample-Routine,2020-01-29,04:15:00,PST,NA,USGS-11455315,gr24430,"Stable, normal stage",50,USGS parameter code 82398,Point sample,Van Dorn sampler,2.7,Preliminary,NA,Actual,NA,NA,00050,"Plant pigments, sonication & 445","USGS Biogeochemistry Lab, Menlo Park, CA",NA,NA,NA,NA,NA,NA,2020-01-29T12:15:00Z
nwisca.01.02001771,Sample-Routine,2020-01-28,22:00:00,PST,NA,USGS-11455315,gr24426,"Stable, normal stage",50,USGS parameter code 82398,Point sample,Van Dorn sampler,2.5,Preliminary,NA,Actual,NA,NA,00050,"Plant pigments, sonication & 445","USGS Biogeochemistry Lab, Menlo Park, CA",NA,NA,NA,NA,NA,NA,2020-01-29T06:00:00Z
nwisca.01.02001391,Sample-Routine,2020-01-07,09:45:00,PST,NA,USGS-11455315,NA,"Stable, normal stage",50.00,USGS parameter code 82398,Point sample,Van Dorn sampler,1.2,Accepted,NA,Actual,NA,NA,00050,"Plant pigments, sonication & 445","USGS-National Water Quality Lab, Denver, CO",2020-01-30,NA,Lower Reporting Limit,0.1,ug/l,2020-01-30,2020-01-07T17:45:00Z
nwisca.01.02001393,Sample-Routine,2020-01-07,13:45:00,PST,NA,USGS-11455385,NA,"Stable, normal stage",50.00,USGS parameter code 82398,Point sample,Van Dorn sampler,1.1,Accepted,NA,Actual,NA,NA,00050,"Plant pigments, sonication & 445","USGS-National Water Quality Lab, Denver, CO",2020-01-30,NA,Lower Reporting Limit,0.1,ug/l,2020-01-30,2020-01-07T21:45:00Z
nwisca.01.02001902,Sample-Routine,2020-02-18,11:00:00,PST,NA,USGS-11455315,NA,"Stable, normal stage",50.00,USGS parameter code 82398,Point sample,Van Dorn sampler,1.7,Accepted,NA,Actual,NA,NA,00050,"Plant pigments, sonication & 445","USGS-National Water Quality Lab, Denver, CO",2020-02-28,NA,Lower Reporting Limit,0.1,ug/l,2020-02-28,2020-02-18T19:00:00Z
nwisca.01.02003057,Sample-Routine,2020-06-16,11:45:00,PST,USGS - California Water Science Center,USGS-11455315,NA,"Stable, normal stage",USGS,USGS,USGS,Unknown,1.2,Preliminary,NA,Actual,NA,NA,00050,"Plant pigments, sonication & 445","USGS Biogeochemistry Lab, Menlo Park, CA",NA,NA,NA,NA,NA,NA,2020-06-16T19:45:00Z
nwisca.01.02002958,Sample-Routine,2020-06-09,13:35:00,PST,USGS - California Water Science Center,USGS-11455385,NA,"Stable, normal stage",USGS,USGS,USGS,Unknown,0.7,Preliminary,NA,Actual,NA,NA,CHL06,"Plant pigments, mac, 5 um, fluor","USGS-National Water Quality Lab, Denver, CO",2020-06-29,NA,Lower Reporting Limit,0.1,ug/l,NA,2020-06-09T21:35:00Z
nwisca.01.02003053,Sample-Routine,2020-06-16,14:00:00,PST,USGS - California Water Science Center,USGS-11455385,NA,"Stable, normal stage",50,USGS parameter code 82398,Point sample,Van Dorn sampler,1.2,Preliminary,NA,Actual,NA,NA,00050,"Plant pigments, sonication & 445","USGS-National Water Quality Lab, Denver, CO",2020-07-08,NA,Lower Reporting Limit,0.1,ug/l,NA,2020-06-16T22:00:00Z
nwisca.01.02002959,Sample-Routine,2020-06-09,14:02:00,PST,USGS - California Water Science Center,USGS-11455315,NA,"Stable, normal stage",USGS,USGS,USGS,Unknown,1.2,Preliminary,NA,Actual,NA,NA,CHL06,"Plant pigments, mac, 5 um, fluor","USGS-National Water Quality Lab, Denver, CO",2020-06-29,NA,Lower Reporting Limit,0.1,ug/l,NA,2020-06-09T22:02:00Z
nwisca.01.02003070,Sample-Routine,2020-06-24,15:00:00,PST,USGS - California Water Science Center,USGS-11455385,NA,"Stable, normal stage",50,USGS parameter code 82398,Point sample,Van Dorn sampler,1.5,Preliminary,NA,Actual,NA,Hold time parameters were exceeded during the collection to prep phase of sample processing.,00050,"Plant pigments, sonication & 445","USGS-National Water Quality Lab, Denver, CO",2020-07-17,holding time exceededsee result comment,Lower Reporting Limit,0.1,ug/l,NA,2020-06-24T23:00:00Z
nwisca.01.02003056,Sample-Routine,2020-06-16,12:00:00,PST,USGS - California Water Science Center,USGS-11455315,NA,"Stable, normal stage",50,USGS parameter code 82398,Point sample,Van Dorn sampler,1.2,Preliminary,NA,Actual,NA,NA,00050,"Plant pigments, sonication & 445","USGS-National Water Quality Lab, Denver, CO",2020-07-08,NA,Lower Reporting Limit,0.1,ug/l,NA,2020-06-16T20:00:00Z
nwisca.01.02103063,Sample-Routine,2021-04-27,10:45:00,PST,U.S. Geological Survey-Water Resources Discipline,USGS-11455385,NA,"Stable, normal stage",50,USGS parameter code 82398,Point sample,Submersible centrifugal pump,7.4,Preliminary,NA,Actual,NA,NA,00050,"Plant pigments, sonication & 445","USGS-National Water Quality Lab, Denver, CO",2021-06-11,NA,Lower Reporting Limit,0.1,ug/l,2021-05-24,2021-04-27T18:45:00Z
nwisca.01.02003415,Sample-Routine,2020-07-23,05:45:00,PST,USGS - California Water Science Center,USGS-11455315,NA,"Stable, normal stage",50,USGS parameter code 82398,Point sample,Van Dorn sampler,1.5,Preliminary,NA,Actual,NA,NA,00050,"Plant pigments, sonication & 445","USGS Biogeochemistry Lab, Menlo Park, CA",NA,NA,NA,NA,NA,NA,2020-07-23T13:45:00Z
nwisca.01.02003829,Sample-Routine,2020-08-17,15:18:00,PST,USGS - California Water Science Center,USGS-11455385,NA,"Stable, normal stage",USGS,USGS,USGS,Unknown,0.5,Preliminary,NA,Actual,NA,NA,CHL06,"Plant pigments, mac, 5 um, fluor","USGS-National Water Quality Lab, Denver, CO",2020-09-10,NA,Lower Reporting Limit,0.1,ug/l,NA,2020-08-17T23:18:00Z
nwisca.01.02003830,Sample-Routine,2020-08-17,16:20:00,PST,USGS - California Water Science Center,USGS-11455315,NA,"Stable, normal stage",USGS,USGS,USGS,Unknown,0.5,Preliminary,NA,Actual,NA,NA,CHL06,"Plant pigments, mac, 5 um, fluor","USGS-National Water Quality Lab, Denver, CO",2020-09-10,NA,Lower Reporting Limit,0.1,ug/l,NA,2020-08-18T00:20:00Z
nwisca.01.02003421,Sample-Routine,2020-07-23,17:30:00,PST,USGS - California Water Science Center,USGS-11455315,NA,"Stable, normal stage",50,USGS parameter code 82398,Point sample,Van Dorn sampler,0.9,Preliminary,NA,Actual,NA,NA,00050,"Plant pigments, sonication & 445","USGS Biogeochemistry Lab, Menlo Park, CA",NA,NA,NA,NA,NA,NA,2020-07-24T01:30:00Z
nwisca.01.02003419,Sample-Routine,2020-07-23,13:40:00,PST,USGS - California Water Science Center,USGS-11455315,NA,"Stable, normal stage",50,USGS parameter code 82398,Point sample,Van Dorn sampler,1.2,Preliminary,NA,Actual,NA,NA,00050,"Plant pigments, sonication & 445","USGS Biogeochemistry Lab, Menlo Park, CA",NA,NA,NA,NA,NA,NA,2020-07-23T21:40:00Z
nwisca.01.02105372,Sample-Routine,2021-08-23,11:43:00,PST,U.S. Geological Survey-Water Resources Discipline,USGS-11455315,NA,"Stable, normal stage",4080,USGS parameter code 82398,Peristaltic pump,Peristaltic pump,1.5,Preliminary,NA,Actual,NA,NA,00050,"Plant pigments, sonication & 445","USGS-National Water Quality Lab, Denver, CO",2021-09-13,NA,Lower Reporting Limit,0.1,ug/l,2021-09-13,2021-08-23T19:43:00Z
nwisca.01.02003359,Sample-Routine,2020-07-09,10:00:00,PST,USGS - California Water Science Center,USGS-11455385,NA,"Stable, normal stage",4030,USGS parameter code 82398,Suction pump,Diaphragm pump,0.9,Preliminary,NA,Actual,NA,NA,00050,"Plant pigments, sonication & 445","USGS Biogeochemistry Lab, Menlo Park, CA",NA,NA,NA,NA,NA,NA,2020-07-09T18:00:00Z
nwisca.01.02003418,Sample-Routine,2020-07-23,11:30:00,PST,USGS - California Water Science Center,USGS-11455315,NA,"Stable, normal stage",50,USGS parameter code 82398,Point sample,Van Dorn sampler,0.5,Preliminary,NA,Actual,NA,NA,00050,"Plant pigments, sonication & 445","USGS Biogeochemistry Lab, Menlo Park, CA",NA,NA,NA,NA,NA,NA,2020-07-23T19:30:00Z
nwisca.01.02003416,Sample-Routine,2020-07-23,07:30:00,PST,USGS - California Water Science Center,USGS-11455315,NA,"Stable, normal stage",50,USGS parameter code 82398,Point sample,Van Dorn sampler,0.6,Preliminary,NA,Actual,NA,NA,00050,"Plant pigments, sonication & 445","USGS Biogeochemistry Lab, Menlo Park, CA",NA,NA,NA,NA,NA,NA,2020-07-23T15:30:00Z
nwisca.01.02003358,Sample-Routine,2020-07-09,09:45:00,PST,USGS - California Water Science Center,USGS-11455315,NA,"Stable, normal stage",4030,USGS parameter code 82398,Suction pump,Diaphragm pump,0.8,Preliminary,NA,Actual,NA,NA,00050,"Plant pigments, sonication & 445","USGS Biogeochemistry Lab, Menlo Park, CA",NA,NA,NA,NA,NA,NA,2020-07-09T17:45:00Z
nwisca.01.02003417,Sample-Routine,2020-07-23,09:30:00,PST,USGS - California Water Science Center,USGS-11455315,NA,"Stable, normal stage",50,USGS parameter code 82398,Point sample,Van Dorn sampler,1.2,Preliminary,NA,Actual,NA,NA,00050,"Plant pigments, sonication & 445","USGS Biogeochemistry Lab, Menlo Park, CA",NA,NA,NA,NA,NA,NA,2020-07-23T17:30:00Z
nwisca.01.02100371,Sample-Routine,2020-11-12,10:00:00,PST,USGS - California Water Science Center,USGS-11455385,NA,"Stable, normal stage",50.00,USGS parameter code 82398,Point sample,Van Dorn sampler,1.5,Accepted,NA,Actual,NA,NA,00050,"Plant pigments, sonication & 445","USGS-National Water Quality Lab, Denver, CO",2020-11-20,NA,Lower Reporting Limit,0.1,ug/l,NA,2020-11-12T18:00:00Z
nwisca.01.02100383,Sample-Routine,2020-11-05,05:40:00,PST,USGS - California Water Science Center,USGS-11455315,NA,"Stable, normal stage",50,USGS parameter code 82398,Point sample,Van Dorn sampler,0.8,Preliminary,NA,Actual,NA,NA,00050,"Plant pigments, sonication & 445","USGS Biogeochemistry Lab, Menlo Park, CA",NA,NA,NA,NA,NA,NA,2020-11-05T13:40:00Z
nwisca.01.02100379,Sample-Routine,2020-11-04,18:30:00,PST,USGS - California Water Science Center,USGS-11455315,NA,"Stable, normal stage",50,USGS parameter code 82398,Point sample,Van Dorn sampler,0.7,Preliminary,NA,Actual,NA,NA,00050,"Plant pigments, sonication & 445","USGS Biogeochemistry Lab, Menlo Park, CA",NA,NA,NA,NA,NA,NA,2020-11-05T02:30:00Z
nwisca.01.02100385,Sample-Routine,2020-11-05,10:40:00,PST,USGS - California Water Science Center,USGS-11455315,NA,"Stable, normal stage",50,USGS parameter code 82398,Point sample,Van Dorn sampler,0.6,Preliminary,NA,Actual,NA,NA,00050,"Plant pigments, sonication & 445","USGS Biogeochemistry Lab, Menlo Park, CA",NA,NA,NA,NA,NA,NA,2020-11-05T18:40:00Z
nwisca.01.02100758,Sample-Routine,2020-12-03,13:30:00,PST,USGS - California Water Science Center,USGS-11455385,NA,"Stable, normal stage",50.00,USGS parameter code 82398,Point sample,Van Dorn sampler,0.8,Accepted,NA,Actual,NA,NA,00050,"Plant pigments, sonication & 445","USGS-National Water Quality Lab, Denver, CO",2020-12-21,NA,Lower Reporting Limit,0.1,ug/l,NA,2020-12-03T21:30:00Z
nwisca.01.02100380,Sample-Routine,2020-11-04,20:30:00,PST,USGS - California Water Science Center,USGS-11455315,NA,"Stable, normal stage",50,USGS parameter code 82398,Point sample,Van Dorn sampler,0.9,Preliminary,NA,Actual,NA,NA,00050,"Plant pigments, sonication & 445","USGS Biogeochemistry Lab, Menlo Park, CA",NA,NA,NA,NA,NA,NA,2020-11-05T04:30:00Z
nwisca.01.02100382,Sample-Routine,2020-11-05,01:30:00,PST,USGS - California Water Science Center,USGS-11455315,NA,"Stable, normal stage",50,USGS parameter code 82398,Point sample,Van Dorn sampler,1.1,Preliminary,NA,Actual,NA,NA,00050,"Plant pigments, sonication & 445","USGS Biogeochemistry Lab, Menlo Park, CA",NA,NA,NA,NA,NA,NA,2020-11-05T09:30:00Z
nwisca.01.02100060,Sample-Routine,2020-10-06,10:45:00,PST,USGS - California Water Science Center,USGS-11455315,NA,"Stable, normal stage",50,USGS parameter code 82398,Point sample,Van Dorn sampler,1,Preliminary,NA,Actual,NA,NA,00050,"Plant pigments, sonication & 445","USGS Biogeochemistry Lab, Menlo Park, CA",NA,NA,NA,NA,NA,NA,2020-10-06T18:45:00Z
nwisca.01.02100111,Sample-Routine,2020-10-20,12:32:00,PST,USGS - California Water Science Center,USGS-11455385,NA,"Stable, normal stage",USGS,USGS,USGS,Unknown,2.2,Preliminary,NA,Actual,NA,NA,CHL06,"Plant pigments, mac, 5 um, fluor","USGS-National Water Quality Lab, Denver, CO",2020-11-12,NA,Lower Reporting Limit,0.1,ug/l,NA,2020-10-20T20:32:00Z
nwisca.01.02100384,Sample-Routine,2020-11-05,08:35:00,PST,USGS - California Water Science Center,USGS-11455315,NA,"Stable, normal stage",50,USGS parameter code 82398,Point sample,Van Dorn sampler,0.9,Preliminary,NA,Actual,NA,NA,00050,"Plant pigments, sonication & 445","USGS Biogeochemistry Lab, Menlo Park, CA",NA,NA,NA,NA,NA,NA,2020-11-05T16:35:00Z
nwisca.01.02100108,Sample-Routine,2020-10-20,10:42:00,PST,USGS - California Water Science Center,USGS-11455315,NA,"Stable, normal stage",USGS,USGS,USGS,Unknown,1.8,Accepted,NA,Actual,NA,NA,CHL06,"Plant pigments, mac, 5 um, fluor","USGS-National Water Quality Lab, Denver, CO",2020-11-12,NA,Lower Reporting Limit,0.1,ug/l,NA,2020-10-20T18:42:00Z
nwisca.01.02100065,Sample-Routine,2020-10-06,10:50:00,PST,USGS - California Water Science Center,USGS-11455315,NA,"Stable, normal stage",50,USGS parameter code 82398,Point sample,Van Dorn sampler,2.2,Preliminary,NA,Actual,NA,NA,00050,"Plant pigments, sonication & 445","USGS-National Water Quality Lab, Denver, CO",2020-10-30,NA,Lower Reporting Limit,0.1,ug/l,NA,2020-10-06T18:50:00Z
nwisca.01.02100102,Sample-Routine,2020-10-22,11:45:00,PST,U.S. Geological Survey-Water Resources Discipline,USGS-11455385,NA,Not determined,50,USGS parameter code 82398,Point sample,Van Dorn sampler,2.5,Preliminary,NA,Actual,NA,NA,00050,"Plant pigments, sonication & 445","USGS-National Water Quality Lab, Denver, CO",2020-11-13,NA,Lower Reporting Limit,0.1,ug/l,NA,2020-10-22T19:45:00Z
nwisca.01.02100381,Sample-Routine,2020-11-04,23:00:00,PST,USGS - California Water Science Center,USGS-11455315,NA,"Stable, normal stage",50,USGS parameter code 82398,Point sample,Van Dorn sampler,0.9,Preliminary,NA,Actual,NA,NA,00050,"Plant pigments, sonication & 445","USGS Biogeochemistry Lab, Menlo Park, CA",NA,NA,NA,NA,NA,NA,2020-11-05T07:00:00Z
nwisca.01.02102001,Sample-Routine,2021-03-04,14:30:00,PST,U.S. Geological Survey-Water Resources Discipline,USGS-11455315,NA,"Stable, normal stage",50,USGS parameter code 82398,Point sample,Van Dorn sampler,1.7,Preliminary,NA,Actual,NA,NA,00050,"Plant pigments, sonication & 445","USGS Biogeochemistry Lab, Menlo Park, CA",NA,NA,NA,NA,NA,NA,2021-03-04T22:30:00Z
nwisca.01.02101994,Sample-Routine,2021-03-03,12:15:00,PST,U.S. Geological Survey-Water Resources Discipline,USGS-11455385,NA,"Stable, normal stage",50.00,USGS parameter code 82398,Point sample,Submersible centrifugal pump,1.4,Accepted,NA,Actual,NA,NA,00050,"Plant pigments, sonication & 445","USGS-National Water Quality Lab, Denver, CO",2021-03-19,NA,Lower Reporting Limit,0.1,ug/l,NA,2021-03-03T20:15:00Z
nwisca.01.02102000,Sample-Routine,2021-03-04,14:15:00,PST,U.S. Geological Survey-Water Resources Discipline,USGS-11455315,NA,"Stable, normal stage",50.00,USGS parameter code 82398,Point sample,Submersible centrifugal pump,2.1,Accepted,NA,Actual,NA,NA,00050,"Plant pigments, sonication & 445","USGS-National Water Quality Lab, Denver, CO",2021-03-25,NA,Lower Reporting Limit,0.1,ug/l,NA,2021-03-04T22:15:00Z
nwisca.01.02104564,Sample-Routine,2021-04-14,12:30:00,PST,U.S. Geological Survey-Water Resources Discipline,USGS-11455315,NA,Not determined,50,USGS parameter code 82398,Point sample,Van Dorn sampler,1.2,Preliminary,NA,Actual,NA,NA,00050,"Plant pigments, sonication & 445","USGS Biogeochemistry Lab, Menlo Park, CA",NA,NA,NA,NA,NA,NA,2021-04-14T20:30:00Z
nwisca.01.02103221,Sample-Routine,2021-05-11,15:30:00,PST,U.S. Geological Survey-Water Resources Discipline,USGS-11455315,NA,"Stable, normal stage",50,USGS parameter code 82398,Point sample,Submersible centrifugal pump,4.6,Preliminary,NA,Actual,NA,NA,00050,"Plant pigments, sonication & 445","USGS-National Water Quality Lab, Denver, CO",2021-05-24,NA,Lower Reporting Limit,0.1,ug/l,NA,2021-05-11T23:30:00Z
nwisca.01.02104567,Sample-Routine,2021-04-14,06:00:00,PST,U.S. Geological Survey-Water Resources Discipline,USGS-11455315,NA,Not determined,50,USGS parameter code 82398,Point sample,Van Dorn sampler,1.6,Preliminary,NA,Actual,NA,NA,00050,"Plant pigments, sonication & 445","USGS Biogeochemistry Lab, Menlo Park, CA",NA,NA,NA,NA,NA,NA,2021-04-14T14:00:00Z
nwisca.01.02104562,Sample-Routine,2021-04-14,16:30:00,PST,U.S. Geological Survey-Water Resources Discipline,USGS-11455315,NA,Not determined,50,USGS parameter code 82398,Point sample,Van Dorn sampler,4.6,Preliminary,NA,Actual,NA,NA,00050,"Plant pigments, sonication & 445","USGS Biogeochemistry Lab, Menlo Park, CA",NA,NA,NA,NA,NA,NA,2021-04-15T00:30:00Z
nwisca.01.02102605,Sample-Routine,2021-04-05,12:25:00,PST,U.S. Geological Survey-Water Resources Discipline,USGS-11455315,NA,"Stable, normal stage",4030,USGS parameter code 82398,Suction pump,Diaphragm pump,35.5,Preliminary,NA,Actual,NA,NA,00050,"Plant pigments, sonication & 445","USGS Biogeochemistry Lab, Menlo Park, CA",NA,NA,NA,NA,NA,NA,2021-04-05T20:25:00Z
nwisca.01.02102604,Sample-Routine,2021-04-05,12:05:00,PST,U.S. Geological Survey-Water Resources Discipline,USGS-11455385,NA,"Stable, normal stage",4030,USGS parameter code 82398,Suction pump,Diaphragm pump,40.6,Preliminary,NA,Actual,NA,NA,00050,"Plant pigments, sonication & 445","USGS Biogeochemistry Lab, Menlo Park, CA",NA,NA,NA,NA,NA,NA,2021-04-05T20:05:00Z
nwisca.01.02104565,Sample-Routine,2021-04-14,10:30:00,PST,U.S. Geological Survey-Water Resources Discipline,USGS-11455315,NA,Not determined,50,USGS parameter code 82398,Point sample,Van Dorn sampler,1.4,Preliminary,NA,Actual,NA,NA,00050,"Plant pigments, sonication & 445","USGS Biogeochemistry Lab, Menlo Park, CA",NA,NA,NA,NA,NA,NA,2021-04-14T18:30:00Z
nwisca.01.02103936,Sample-Routine,2021-06-08,10:34:00,PST,U.S. Geological Survey-Water Resources Discipline,USGS-11455315,NA,"Stable, normal stage",4080,USGS parameter code 82398,Peristaltic pump,Peristaltic pump,2.2,Preliminary,NA,Actual,NA,NA,00050,"Plant pigments, sonication & 445","USGS-National Water Quality Lab, Denver, CO",2021-06-28,NA,Lower Reporting Limit,0.1,ug/l,NA,2021-06-08T18:34:00Z
nwisca.01.02104566,Sample-Routine,2021-04-14,08:00:00,PST,U.S. Geological Survey-Water Resources Discipline,USGS-11455315,NA,Not determined,50,USGS parameter code 82398,Point sample,Van Dorn sampler,1.7,Preliminary,NA,Actual,NA,NA,00050,"Plant pigments, sonication & 445","USGS Biogeochemistry Lab, Menlo Park, CA",NA,NA,NA,NA,NA,NA,2021-04-14T16:00:00Z
nwisca.01.02104561,Sample-Routine,2021-04-14,17:30:00,PST,U.S. Geological Survey-Water Resources Discipline,USGS-11455315,NA,Not determined,50,USGS parameter code 82398,Point sample,Van Dorn sampler,4.5,Preliminary,NA,Actual,NA,NA,00050,"Plant pigments, sonication & 445","USGS Biogeochemistry Lab, Menlo Park, CA",NA,NA,NA,NA,NA,NA,2021-04-15T01:30:00Z
nwisca.01.02104063,Sample-Routine,2021-06-15,16:30:00,PST,U.S. Geological Survey-Water Resources Discipline,USGS-11455385,NA,"Stable, normal stage",50,USGS parameter code 82398,Point sample,Submersible centrifugal pump,1.7,Preliminary,NA,Actual,NA,NA,00050,"Plant pigments, sonication & 445","USGS-National Water Quality Lab, Denver, CO",2021-07-01,NA,Lower Reporting Limit,0.1,ug/l,NA,2021-06-16T00:30:00Z
nwisca.01.02105995,Sample-Routine,2021-09-28,15:54:00,PST,U.S. Geological Survey-Water Resources Discipline,USGS-11455385,NA,"Stable, normal stage",50,USGS parameter code 82398,Point sample,Submersible centrifugal pump,1.2,Preliminary,NA,Actual,NA,NA,00050,"Plant pigments, sonication & 445","USGS-National Water Quality Lab, Denver, CO",2021-10-20,NA,Lower Reporting Limit,0.1,ug/l,NA,2021-09-28T23:54:00Z
nwisca.01.02103403,Sample-Routine,2021-05-25,11:45:00,PST,U.S. Geological Survey-Water Resources Discipline,USGS-11455315,NA,"Stable, normal stage",50,USGS parameter code 82398,Point sample,Submersible centrifugal pump,2.8,Preliminary,NA,Actual,NA,NA,00050,"Plant pigments, sonication & 445","USGS-National Water Quality Lab, Denver, CO",2021-06-15,NA,Lower Reporting Limit,0.1,ug/l,NA,2021-05-25T19:45:00Z
nwisca.01.02104563,Sample-Routine,2021-04-14,14:15:00,PST,U.S. Geological Survey-Water Resources Discipline,USGS-11455315,NA,Not determined,50,USGS parameter code 82398,Point sample,Van Dorn sampler,1.9,Preliminary,NA,Actual,NA,NA,00050,"Plant pigments, sonication & 445","USGS Biogeochemistry Lab, Menlo Park, CA",NA,NA,NA,NA,NA,NA,2021-04-14T22:15:00Z
nwisca.01.02103224,Sample-Routine,2021-05-11,17:10:00,PST,U.S. Geological Survey-Water Resources Discipline,USGS-11455385,NA,"Stable, normal stage",50,USGS parameter code 82398,Point sample,Submersible centrifugal pump,2.6,Preliminary,NA,Actual,NA,NA,00050,"Plant pigments, sonication & 445","USGS-National Water Quality Lab, Denver, CO",2021-05-24,NA,Lower Reporting Limit,0.1,ug/l,NA,2021-05-12T01:10:00Z
nwisca.01.02102989,Sample-Routine,2021-04-22,11:00:00,PST,U.S. Geological Survey-Water Resources Discipline,USGS-11455315,NA,"Stable, normal stage",50,USGS parameter code 82398,Point sample,Submersible centrifugal pump,1.6,Preliminary,NA,Actual,NA,NA,00050,"Plant pigments, sonication & 445","USGS-National Water Quality Lab, Denver, CO",2021-05-11,NA,Lower Reporting Limit,0.1,ug/l,NA,2021-04-22T19:00:00Z
nwisca.01.02104702,Sample-Routine,2021-07-22,14:17:00,PST,U.S. Geological Survey-Water Resources Discipline,USGS-11455385,NA,"Stable, normal stage",50,USGS parameter code 82398,Point sample,Submersible centrifugal pump,1.9,Preliminary,NA,Actual,NA,NA,00050,"Plant pigments, sonication & 445","USGS-National Water Quality Lab, Denver, CO",2021-08-09,NA,Lower Reporting Limit,0.1,ug/l,NA,2021-07-22T22:17:00Z
nwisca.01.02104703,Sample-Routine,2021-07-22,12:12:00,PST,U.S. Geological Survey-Water Resources Discipline,USGS-11455315,NA,"Stable, normal stage",50,USGS parameter code 82398,Point sample,Submersible centrifugal pump,1.9,Preliminary,NA,Actual,NA,NA,00050,"Plant pigments, sonication & 445","USGS-National Water Quality Lab, Denver, CO",2021-08-09,NA,Lower Reporting Limit,0.1,ug/l,NA,2021-07-22T20:12:00Z
nwisca.01.02105214,Sample-Routine,2021-08-18,08:00:00,PST,U.S. Geological Survey-Water Resources Discipline,USGS-11455315,NA,"Stable, normal stage",50,USGS parameter code 82398,Point sample,Submersible centrifugal pump,1.7,Preliminary,NA,Actual,NA,NA,00050,"Plant pigments, sonication & 445","USGS-National Water Quality Lab, Denver, CO",2021-08-31,NA,Lower Reporting Limit,0.1,ug/l,2021-08-31,2021-08-18T16:00:00Z
nwisca.01.02105216,Sample-Routine,2021-08-17,09:45:00,PST,U.S. Geological Survey-Water Resources Discipline,USGS-11455385,NA,"Stable, normal stage",50,USGS parameter code 82398,Point sample,Submersible centrifugal pump,1.8,Preliminary,NA,Actual,NA,NA,00050,"Plant pigments, sonication & 445","USGS-National Water Quality Lab, Denver, CO",2021-08-31,NA,Lower Reporting Limit,0.1,ug/l,2021-08-31,2021-08-17T17:45:00Z
nwisca.01.02104654,Sample-Routine,2021-07-13,13:15:00,PST,U.S. Geological Survey-Water Resources Discipline,USGS-11455385,NA,"Stable, normal stage",50,USGS parameter code 82398,Point sample,Submersible centrifugal pump,2.6,Preliminary,NA,Actual,NA,NA,00050,"Plant pigments, sonication & 445","USGS-National Water Quality Lab, Denver, CO",2021-07-29,NA,Lower Reporting Limit,0.1,ug/l,NA,2021-07-13T21:15:00Z
nwisca.01.02105897,Sample-Routine,2021-09-23,10:00:00,PST,U.S. Geological Survey-Water Resources Discipline,USGS-11455315,NA,"Stable, normal stage",50,USGS parameter code 82398,Point sample,Submersible centrifugal pump,1.4,Preliminary,NA,Actual,NA,NA,00050,"Plant pigments, sonication & 445","USGS-National Water Quality Lab, Denver, CO",2021-10-13,NA,Lower Reporting Limit,0.1,ug/l,NA,2021-09-23T18:00:00Z
nwisca.01.02104854,Sample-Routine,2021-07-27,13:05:00,PST,U.S. Geological Survey-Water Resources Discipline,USGS-11455315,NA,"Stable, normal stage",50,USGS parameter code 82398,Point sample,Submersible centrifugal pump,1.8,Preliminary,NA,Actual,NA,NA,00050,"Plant pigments, sonication & 445","USGS-National Water Quality Lab, Denver, CO",2021-08-18,NA,Lower Reporting Limit,0.1,ug/l,NA,2021-07-27T21:05:00Z
nwisca.01.02104853,Sample-Routine,2021-07-27,12:35:00,PST,U.S. Geological Survey-Water Resources Discipline,USGS-11455385,NA,"Stable, normal stage",50,USGS parameter code 82398,Point sample,Submersible centrifugal pump,1.2,Preliminary,NA,Actual,NA,NA,00050,"Plant pigments, sonication & 445","USGS-National Water Quality Lab, Denver, CO",2021-08-18,NA,Lower Reporting Limit,0.1,ug/l,NA,2021-07-27T20:35:00Z
nwisca.01.02200001,Sample-Routine,2021-10-04,10:36:00,PST,U.S. Geological Survey-Water Resources Discipline,USGS-11455315,NA,"Stable, normal stage",50,USGS parameter code 82398,Point sample,Submersible centrifugal pump,1.5,Preliminary,NA,Actual,NA,NA,00050,"Plant pigments, sonication & 445","USGS-National Water Quality Lab, Denver, CO",2021-10-25,NA,Lower Reporting Limit,0.1,ug/l,NA,2021-10-04T18:36:00Z
nwisca.01.02200098,Sample-Routine,2021-10-21,13:45:00,PST,U.S. Geological Survey-Water Resources Discipline,USGS-11455315,NA,"Stable, normal stage",50,USGS parameter code 82398,Point sample,Submersible centrifugal pump,1.5,Preliminary,NA,Actual,NA,NA,00050,"Plant pigments, sonication & 445","USGS-National Water Quality Lab, Denver, CO",2021-11-12,NA,Lower Reporting Limit,0.1,ug/l,NA,2021-10-21T21:45:00Z
nwisca.01.02105994,Sample-Routine,2021-09-28,15:38:00,PST,U.S. Geological Survey-Water Resources Discipline,USGS-11455315,NA,"Stable, normal stage",50,USGS parameter code 82398,Point sample,Submersible centrifugal pump,1.4,Preliminary,NA,Actual,NA,NA,00050,"Plant pigments, sonication & 445","USGS-National Water Quality Lab, Denver, CO",2021-10-20,NA,Lower Reporting Limit,0.1,ug/l,NA,2021-09-28T23:38:00Z
nwisca.01.02200005,Sample-Routine,2021-10-04,12:28:00,PST,U.S. Geological Survey-Water Resources Discipline,USGS-11455385,NA,"Stable, normal stage",50,USGS parameter code 82398,Point sample,Submersible centrifugal pump,1.3,Preliminary,NA,Actual,NA,NA,00050,"Plant pigments, sonication & 445","USGS-National Water Quality Lab, Denver, CO",2021-10-25,NA,Lower Reporting Limit,0.1,ug/l,NA,2021-10-04T20:28:00Z
