"","station_wq_chl","date","chlorophyll","method","location"
"1","Pro",2012-06-13,7.1,"data","cache"
"2","Pro",2012-07-12,9.6,"data","cache"
"3","Pro",2012-08-13,22.6,"data","cache"
"4","Pro",2012-09-11,5.3,"data","cache"
"5","Pro",2012-10-09,37.6,"data","cache"
"6","Pro",2012-12-06,7.39999961853027,"data","cache"
"7","Pro",2013-01-24,3.89999985694885,"data","cache"
"8","Pro",2013-02-20,6.69999980926514,"data","cache"
"9","Pro",2013-03-27,6.89999961853027,"data","cache"
"10","Pro",2013-05-01,3,"data","cache"
"11","Pro",2013-05-31,2.69999980926514,"data","cache"
"12","Pro",2013-06-28,3.79999995231628,"data","cache"
"13","Pro",2013-08-02,3.69999980926514,"data","cache"
"14","Pro",2013-09-06,4.5,"data","cache"
"15","Pro",2013-11-05,1.79999995231628,"data","cache"
"16","Pro",2014-01-31,7.79999971389771,"data","cache"
"17","Pro",2014-03-06,4.59999990463257,"data","cache"
"18","Pro",2014-04-07,3.69999980926514,"data","cache"
"19","Pro",2014-05-12,4.39999961853027,"data","cache"
"20","Pro",2014-06-24,6.19999980926514,"data","cache"
"21","Pro",2014-07-30,3.89999985694885,"data","cache"
"22","Pro",2014-08-28,2.79999995231628,"data","cache"
"23","Pro",2014-10-07,4.19999980926514,"data","cache"
"24","Pro",2014-11-18,3.19999980926514,"data","cache"
"25","Pro",2014-12-18,12.5999994277954,"data","cache"
"26","Pro",2015-01-27,3.5,"data","cache"
"27","Pro",2015-03-09,7.59999990463257,"data","cache"
"28","Pro",2015-04-22,3.59999990463257,"data","cache"
"29","Pro",2015-05-27,3.59999990463257,"data","cache"
"30","Pro",2015-07-08,3.89999985694885,"data","cache"
"31","Pro",2015-08-20,3.5,"data","cache"
"32","Pro",2015-10-27,1.19999992847443,"data","cache"
"33","Pro",2016-02-03,3.79999995231628,"data","cache"
"34","Pro",2016-03-02,4.59999990463257,"data","cache"
"35","Pro",2016-04-04,16.5,"data","cache"
"36","Pro",2016-04-28,11.2999992370605,"data","cache"
"37","Pro",2016-06-07,10,"data","cache"
"38","Pro",2016-06-30,3.6,"data","cache"
"39","Pro",2016-08-24,5.3,"data","cache"
"40","Pro",2016-09-29,2.1,"data","cache"
"41","Pro",2016-10-27,1.6,"data","cache"
"42","Pro",2016-12-22,6.2,"data","cache"
"43","Pro",2017-02-14,7,"data","cache"
"44","Pro",2017-03-13,20.5,"data","cache"
"45","Pro",2017-04-05,13.4,"data","cache"
"46","Pro",2017-05-17,2.1,"data","cache"
"47","Pro",2017-06-19,1.4,"data","cache"
"48","Pro",2017-07-20,1,"data","cache"
"49","Pro",2017-08-24,1.6,"data","cache"
"50","Pro",2017-09-26,0.4,"data","cache"
"51","Pro",2017-11-02,0.5,"data","cache"
"52","Pro",2017-12-18,2.8,"data","cache"
"53","Pro",2018-01-30,1.3,"data","cache"
"54","Pro",2018-03-05,2.6,"data","cache"
"55","Pro",2018-04-02,2.9,"data","cache"
"56","Pro",2018-05-07,2,"data","cache"
"57","Pro",2018-06-06,1.5,"data","cache"
"58","Pro",2018-07-12,2,"data","cache"
"59","Pro",2018-08-16,1.39999997615814,"data","cache"
"60","Pro",2018-09-19,3.7,"data","cache"
"61","Pro",2018-10-18,2.1,"data","cache"
"62","Pro",2018-12-20,1.2,"data","cache"
"63","Pro",2019-01-30,4.4,"data","cache"
"64","Pro",2019-02-28,18.8,"data","cache"
"65","Pro",2019-03-28,10.5,"data","cache"
"66","Pro",2019-04-24,5.8,"data","cache"
"67","Pro",2019-05-29,3.8,"data","cache"
"68","Pro",2019-06-27,2.4,"data","cache"
"69","Pro",2019-07-30,3,"data","cache"
"70","Pro",2019-08-27,2.4,"data","cache"
"71","Pro",2019-10-22,1,"data","cache"
"72","USGS-11455315",2015-12-17,3,"data","cache"
"73","USGS-11455315",2016-11-14,1.2,"data","cache"
"74","USGS-11455350",2016-11-09,1,"data","cache"
"75","USGS-11455350",2016-02-09,1.4,"data","cache"
"76","USGS-11455350",2016-10-12,1.1,"data","cache"
"77","USGS-11455315",2016-12-15,1.6,"data","cache"
"78","USGS-11455315",2016-07-26,5.5,"data","cache"
"79","USGS-11455140",2017-10-10,2.1,"data","cache"
"80","USGS-11455143",2016-10-20,1.9,"data","cache"
"81","USGS-11455315",2016-05-06,38.3,"data","cache"
"82","USGS-11455315",2016-05-24,3.7,"data","cache"
"83","USGS-11455350",2015-12-08,1.9,"data","cache"
"84","USGS-11455315",2016-04-26,8.9,"data","cache"
"85","USGS-11455315",2016-08-30,2.5,"data","cache"
"86","USGS-11455350",2016-08-09,3,"data","cache"
"87","USGS-11455350",2016-12-08,1,"data","cache"
"88","USGS-11455315",2016-08-23,8.4,"data","cache"
"89","USGS-11455385",2018-10-02,0.7,"data","cache"
"90","USGS-11455315",2017-06-07,2.6,"data","cache"
"91","USGS-11455350",2017-03-08,14.1,"data","cache"
"92","USGS-11455315",2017-04-11,5.6,"data","cache"
"93","USGS-11455350",2016-09-20,1.3,"data","cache"
"94","USGS-11455350",2017-10-24,1.6,"data","cache"
"95","USGS-11455315",2016-03-22,4.4,"data","cache"
"96","USGS-11455350",2016-03-08,5,"data","cache"
"97","USGS-11455350",2016-07-12,3.3,"data","cache"
"98","USGS-11455140",2018-07-10,1.4,"data","cache"
"99","USGS-11455350",2016-04-05,8.5,"data","cache"
"100","USGS-382006121401601",2018-08-01,1.9,"data","cache"
"101","USGS-11455146",2016-02-11,3,"data","cache"
"102","USGS-11455315",2016-06-16,27.4,"data","cache"
"103","USGS-11455315",2017-09-12,1.1,"data","cache"
"104","USGS-11455315",2017-02-07,18.2,"data","cache"
"105","USGS-11455315",2016-02-18,1.7,"data","cache"
"106","USGS-11455315",2016-06-28,9.4,"data","cache"
"107","USGS-11455315",2018-10-17,0.7,"data","cache"
"108","USGS-11455315",2016-01-21,2.5,"data","cache"
"109","USGS-11455315",2017-03-15,21,"data","cache"
"110","USGS-11455350",2016-06-08,2.3,"data","cache"
"111","USGS-11455315",2016-05-25,8.8,"data","cache"
"112","USGS-11455315",2016-06-09,8.6,"data","cache"
"113","USGS-11455315",2016-11-17,1,"data","cache"
"114","USGS-11455350",2016-05-10,20.3,"data","cache"
"115","USGS-11455315",2016-03-31,6.8,"data","cache"
"116","USGS-11455315",2017-10-11,3,"data","cache"
"117","USGS-11455146",2016-01-07,3.7,"data","cache"
"118","USGS-11455315",2018-09-05,1.7,"data","cache"
"119","USGS-11455140",2018-03-08,13.3,"data","cache"
"120","USGS-11455140",2017-09-13,4.4,"data","cache"
"121","USGS-11455315",2017-07-11,2.4,"data","cache"
"122","USGS-11455140",2017-09-07,3.2,"data","cache"
"123","USGS-11455315",2018-06-07,1.1,"data","cache"
"124","USGS-11455315",2017-12-05,4.7,"data","cache"
"125","USGS-11455146",2017-05-09,16.1,"data","cache"
"126","USGS-11455315",2018-05-08,1.1,"data","cache"
"127","USGS-11455140",2018-02-06,8.3,"data","cache"
"128","USGS-11455315",2017-03-01,0.7,"data","cache"
"129","USGS-11455140",2018-04-05,7,"data","cache"
"130","USGS-11455315",2017-08-10,11.1,"data","cache"
"131","USGS-11455315",2017-06-27,2.3,"data","cache"
"132","USGS-11455140",2017-12-07,1.5,"data","cache"
"133","USGS-11455350",2017-12-14,1.3,"data","cache"
"134","USGS-11455350",2017-08-22,2.2,"data","cache"
"135","USGS-11455315",2018-05-30,1.4,"data","cache"
"136","USGS-382006121401601",2017-11-15,2.3,"data","cache"
"137","USGS-11455315",2018-05-17,1.5,"data","cache"
"138","USGS-11455350",2018-02-13,2.6,"data","cache"
"139","USGS-11455315",2017-11-16,0.7,"data","cache"
"140","USGS-11455143",2016-08-03,7.6,"data","cache"
"141","USGS-11455146",2018-09-26,1.5,"data","cache"
"142","USGS-11455140",2018-05-10,4,"data","cache"
"143","USGS-11455140",2018-01-09,12.7,"data","cache"
"144","USGS-11455140",2017-07-13,2,"data","cache"
"145","USGS-11455315",2017-09-19,1.4,"data","cache"
"146","USGS-11455315",2017-10-12,1.1,"data","cache"
"147","USGS-11455315",2018-01-11,2.1,"data","cache"
"148","USGS-11455315",2017-06-06,1.8,"data","cache"
"149","USGS-11455140",2017-08-15,6.1,"data","cache"
"150","USGS-11455385",2019-12-18,1,"data","cache"
"151","USGS-11455350",2018-03-15,1.4,"data","cache"
"152","USGS-11455140",2017-11-09,1.1,"data","cache"
"153","USGS-11455350",2016-01-05,1.3,"data","cache"
"154","USGS-11455385",2019-06-13,1.8,"data","cache"
"155","USGS-11455315",2019-04-10,17.2,"data","cache"
"156","USGS-11455315",2019-10-17,1.2,"data","cache"
"157","USGS-11455385",2019-04-16,3,"data","cache"
"158","USGS-11455385",2019-08-06,1.6,"data","cache"
"159","USGS-11455385",2019-02-05,2,"data","cache"
"160","USGS-11455315",2019-10-11,1.7,"data","cache"
"161","USGS-11455315",2018-04-18,1.3,"data","cache"
"162","USGS-11455350",2018-05-15,1.5,"data","cache"
"163","USGS-11455315",2018-11-28,1,"data","cache"
"164","USGS-11455315",2018-07-26,2,"data","cache"
"165","USGS-11455350",2017-11-21,0.9,"data","cache"
"166","USGS-11455315",2018-08-23,2.7,"data","cache"
"167","USGS-11455315",2018-09-13,1.8,"data","cache"
"168","USGS-11455350",2018-04-10,1.7,"data","cache"
"169","USGS-11455385",2018-07-17,1.4,"data","cache"
"170","USGS-11455315",2018-10-10,0.7,"data","cache"
"171","USGS-11455350",2017-09-14,2.6,"data","cache"
"172","USGS-11455315",2018-04-03,1.6,"data","cache"
"173","USGS-11455315",2018-02-08,1.6,"data","cache"
"174","USGS-382006121401601",2018-08-15,1.7,"data","cache"
"175","USGS-11455315",2019-03-19,12.9,"data","cache"
"176","USGS-382006121401601",2018-04-12,2.7,"data","cache"
"177","USGS-11455315",2018-03-06,2.1,"data","cache"
"178","USGS-11455385",2019-09-17,1.4,"data","cache"
"179","USGS-11455315",2019-04-30,2.9,"data","cache"
"180","USGS-11455315",2018-10-16,0.6,"data","cache"
"181","USGS-11455140",2019-07-02,1.2,"data","cache"
"182","USGS-382006121401601",2018-03-28,4.2,"data","cache"
"183","USGS-11455315",2017-05-02,6.15,"mean","cache"
"184","USGS-382006121401601",2018-04-19,2.41666666666667,"mean","cache"
"185","USGS-382006121401601",2018-04-20,2.9,"mean","cache"
"186","USGS-382006121401601",2018-04-24,2.92222222222222,"mean","cache"
"187","USGS-382006121401601",2018-04-25,2.1,"mean","cache"
"188","USGS-11455315",2018-04-26,2.03333333333333,"mean","cache"
"189","USGS-382006121401601",2018-08-14,1.91666666666667,"mean","cache"
"190","USGS-382006121401601",2019-04-17,8.96666666666667,"mean","cache"
"191","USGS-382006121401601",2019-05-01,3.76666666666667,"mean","cache"
"192","USGS-11455315",2019-09-05,1.025,"mean","cache"
"193","USGS-11455315",2019-12-11,1.15,"mean","cache"
"194","D22",1998-01-09,1,"data","below"
"195","D22",1998-03-10,5.52,"data","below"
"196","D22",1998-04-23,5.05,"data","below"
"197","D22",1998-05-21,1.26,"data","below"
"198","D22",1998-06-19,1.28,"data","below"
"199","D22",1998-07-20,2.05,"data","below"
"200","D22",1998-08-14,2.38,"data","below"
"201","D22",1998-09-15,1.4,"data","below"
"202","D22",1998-10-19,2.07,"data","below"
"203","D22",1998-11-16,1.1,"data","below"
"204","D22",1998-12-16,1.8,"data","below"
"205","D22",1999-01-12,2.3,"data","below"
"206","D22",1999-02-11,2.1,"data","below"
"207","D22",1999-03-12,3.7,"data","below"
"208","D22",1999-04-12,2.95,"data","below"
"209","D22",1999-05-11,2.76,"data","below"
"210","D22",1999-06-09,2.13,"data","below"
"211","D22",1999-07-08,2.17,"data","below"
"212","D22",1999-08-05,1.37,"data","below"
"213","D22",1999-09-20,2.14,"data","below"
"214","D22",1999-11-18,1.66,"data","below"
"215","D22",1999-12-17,1.3,"data","below"
"216","D22",2000-02-16,1.78,"data","below"
"217","D22",2000-03-15,2.69,"data","below"
"218","D22",2000-04-13,3.51,"data","below"
"219","D22",2000-05-15,2.54,"data","below"
"220","D22",2000-06-12,1.81,"data","below"
"221","D22",2000-07-10,2.68,"data","below"
"222","D22",2000-09-07,2.56,"data","below"
"223","D22",2000-10-05,2.02,"data","below"
"224","D22",2000-11-06,0.68,"data","below"
"225","D22",2000-12-06,1.75,"data","below"
"226","D22",2001-01-05,1.21,"data","below"
"227","D22",2001-02-05,1.24,"data","below"
"228","D22",2001-03-19,2.29,"data","below"
"229","D22",2001-04-17,2.81,"data","below"
"230","D22",2001-05-17,6.53,"data","below"
"231","D22",2001-06-14,2.49,"data","below"
"232","D22",2001-07-16,2.94,"data","below"
"233","D22",2001-08-14,3.4,"data","below"
"234","D22",2001-09-12,1.84,"data","below"
"235","D22",2001-10-11,1.65,"data","below"
"236","D22",2001-11-13,1.88,"data","below"
"237","D22",2001-12-10,1.61,"data","below"
"238","D22",2002-01-09,1.37,"data","below"
"239","D22",2002-02-07,1.86,"data","below"
"240","D22",2002-03-07,1.14,"data","below"
"241","D22",2002-04-08,6.02,"data","below"
"242","D22",2002-05-06,6.42,"data","below"
"243","D22",2002-06-05,3.2,"data","below"
"244","D22",2002-07-18,3.6,"data","below"
"245","D22",2002-08-16,2.87,"data","below"
"246","D22",2002-09-16,2.81,"data","below"
"247","D22",2002-10-15,1.56,"data","below"
"248","D22",2002-11-14,1.33,"data","below"
"249","D22",2002-12-12,2.13,"data","below"
"250","D22",2003-01-13,0.94,"data","below"
"251","D22",2003-02-10,1.48,"data","below"
"252","D22",2003-03-13,3.79,"data","below"
"253","D22",2003-04-11,4.07,"data","below"
"254","D22",2003-05-12,4.29,"data","below"
"255","D22",2003-06-10,1.59,"data","below"
"256","D22",2003-07-22,2.53,"data","below"
"257","D22",2003-08-07,2.03,"data","below"
"258","D22",2003-09-04,3.21,"data","below"
"259","D22",2003-10-20,2.56,"data","below"
"260","D22",2003-11-19,0.71,"data","below"
"261","D22",2003-12-18,1.32,"data","below"
"262","D22",2004-01-22,1.48,"data","below"
"263","D22",2004-02-19,1.38,"data","below"
"264","D22",2004-03-17,6.84,"data","below"
"265","D22",2004-04-14,3.3,"data","below"
"266","D22",2004-05-13,2.58,"data","below"
"267","D22",2004-06-09,3.35,"data","below"
"268","D22",2004-07-08,2.85,"data","below"
"269","D22",2004-09-23,1.63,"data","below"
"270","D22",2004-10-21,1.99,"data","below"
"271","D22",2004-11-22,1.24,"data","below"
"272","D22",2004-12-21,0.19,"data","below"
"273","D22",2005-01-20,1.05,"data","below"
"274","D22",2005-02-17,0.93,"data","below"
"275","D22",2005-04-19,1.69,"data","below"
"276","D22",2005-05-19,0.98,"data","below"
"277","D22",2005-06-16,1.42,"data","below"
"278","D22",2005-07-14,2.4,"data","below"
"279","D22",2005-08-11,3.97,"data","below"
"280","D22",2005-09-26,2.81,"data","below"
"281","D22",2005-10-25,1.8,"data","below"
"282","D22",2005-11-22,1.79,"data","below"
"283","D22",2005-12-22,0.95,"data","below"
"284","D22",2006-01-24,3.6,"data","below"
"285","D22",2006-02-22,3.02,"data","below"
"286","D22",2006-03-23,7.9,"data","below"
"287","D22",2006-04-24,4.49,"data","below"
"288","D22",2006-05-22,1.35,"data","below"
"289","D22",2006-06-26,2.64,"data","below"
"290","D22",2006-07-18,2.39,"data","below"
"291","D22",2006-08-16,2.7,"data","below"
"292","D22",2006-09-14,2.36,"data","below"
"293","D22",2006-10-16,1.95,"data","below"
"294","D22",2007-01-16,1.2,"data","below"
"295","D22",2007-02-14,2.29,"data","below"
"296","D22",2007-03-13,1.35,"data","below"
"297","D22",2007-04-12,2.22,"data","below"
"298","D22",2007-05-10,1.69,"data","below"
"299","D22",2007-06-11,2.16,"data","below"
"300","D22",2007-07-20,2.37,"data","below"
"301","D22",2007-08-20,3.26,"data","below"
"302","D22",2007-09-19,2.87,"data","below"
"303","D22",2007-10-17,1.42,"data","below"
"304","D22",2007-12-17,2.05,"data","below"
"305","D22",2008-01-16,1.19,"data","below"
"306","D22",2008-02-15,1.87,"data","below"
"307","D22",2008-03-14,0.53,"data","below"
"308","D22",2008-04-14,11,"data","below"
"309","D22",2008-05-12,5.45,"data","below"
"310","D22",2008-06-11,3.96,"data","below"
"311","D22",2008-07-09,3.5,"data","below"
"312","D22",2008-08-11,2.22,"data","below"
"313","D22",2008-09-05,2.5,"data","below"
"314","D22",2008-10-06,2.6,"data","below"
"315","D22",2008-11-19,1.21,"data","below"
"316","D22",2008-12-05,2.31,"data","below"
"317","D22",2009-01-16,2.95,"data","below"
"318","D22",2009-02-19,2.44,"data","below"
"319","D22",2009-03-20,0.97,"data","below"
"320","D22",2009-04-17,1.41,"data","below"
"321","D22",2009-05-18,2.6,"data","below"
"322","D22",2009-06-17,3,"data","below"
"323","D22",2009-07-15,3.05,"data","below"
"324","D22",2009-08-14,5.6,"data","below"
"325","D22",2009-09-11,3.27,"data","below"
"326","D22",2009-10-09,1.77,"data","below"
"327","D22",2009-11-06,2.18,"data","below"
"328","D22",2009-12-10,2.63,"data","below"
"329","D22",2010-01-08,1.41,"data","below"
"330","D22",2010-02-08,1.47,"data","below"
"331","D22",2010-03-10,0.8,"data","below"
"332","D22",2010-04-07,1.74,"data","below"
"333","D22",2010-05-07,4.38,"data","below"
"334","D22",2010-06-04,1.35,"data","below"
"335","D22",2010-07-06,5.99,"data","below"
"336","D22",2010-08-04,6.3,"data","below"
"337","D22",2010-09-15,2.76,"data","below"
"338","D22",2010-10-14,1.82,"data","below"
"339","D22",2010-11-15,1.82,"data","below"
"340","D22",2010-12-15,0.94,"data","below"
"341","D22",2011-01-14,1.05,"data","below"
"342","D22",2011-02-14,1.86,"data","below"
"343","D22",2011-03-14,1.91,"data","below"
"344","D22",2011-04-13,9.29,"data","below"
"345","D22",2011-05-12,4.74,"data","below"
"346","D22",2011-06-08,1.6,"data","below"
"347","D22",2011-07-08,1.52,"data","below"
"348","D22",2011-08-23,5.97,"data","below"
"349","D22",2011-09-21,7.16,"data","below"
"350","D22",2011-11-18,5.34,"data","below"
"351","D22",2011-12-19,1.37,"data","below"
"352","D22",2012-01-19,1.79,"data","below"
"353","D22",2012-02-15,2.21,"data","below"
"354","D22",2012-03-16,1.63,"data","below"
"355","D22",2012-04-13,1.4,"data","below"
"356","D22",2012-05-14,2.32,"data","below"
"357","D22",2012-07-11,4.22,"data","below"
"358","D22",2012-08-09,5.69,"data","below"
"359","D22",2012-09-07,3.36,"data","below"
"360","D22",2012-10-08,61.3,"data","below"
"361","D22",2012-11-07,1.1,"data","below"
"362","D22",2012-12-10,0.93,"data","below"
"363","D22",2013-01-22,1.24,"data","below"
"364","D22",2013-02-21,1.34,"data","below"
"365","D22",2013-03-22,3.46,"data","below"
"366","D22",2013-04-22,8.12,"data","below"
"367","D22",2013-05-20,2.88,"data","below"
"368","D22",2013-06-18,3.36,"data","below"
"369","D22",2013-07-17,4.44,"data","below"
"370","D22",2013-08-14,2.62,"data","below"
"371","D22",2013-09-25,2.82,"data","below"
"372","D22",2013-10-11,2.21,"data","below"
"373","D22",2013-11-12,1.36,"data","below"
"374","D22",2013-12-11,1.51,"data","below"
"375","D22",2014-01-10,1.65,"data","below"
"376","D22",2014-02-10,2.2,"data","below"
"377","D22",2014-03-10,1.11,"data","below"
"378","D22",2014-04-09,2.25,"data","below"
"379","D22",2014-05-09,4.19,"data","below"
"380","D22",2014-06-06,2.18,"data","below"
"381","D22",2014-07-07,11.96,"data","below"
"382","D22",2014-08-19,2.84,"data","below"
"383","D22",2014-09-18,5.19,"data","below"
"384","D22",2014-10-03,2.3,"data","below"
"385","D22",2014-11-14,1.45,"data","below"
"386","D22",2014-12-17,1.5,"data","below"
"387","D22",2015-01-16,0.37,"data","below"
"388","D22",2015-02-13,1.87,"data","below"
"389","D22",2015-03-13,9.37,"data","below"
"390","D22",2015-04-13,2.97,"data","below"
"391","D22",2015-05-13,1.36,"data","below"
"392","D22",2015-06-10,2.76,"data","below"
"393","D22",2015-07-10,2.82,"data","below"
"394","D22",2015-08-25,2.54,"data","below"
"395","D22",2015-09-22,1.72,"data","below"
"396","D22",2015-10-21,1.4,"data","below"
"397","D22",2015-11-04,0.85,"data","below"
"398","D22",2015-12-04,2.87,"data","below"
"399","D22",2016-01-06,2.58,"data","below"
"400","D22",2016-03-04,3.46,"data","below"
"401","D22",2016-04-15,3.03,"data","below"
"402","D22",2016-05-13,58.8,"data","below"
"403","D22",2016-06-13,10.62,"data","below"
"404","D22",2016-07-13,6.34,"data","below"
"405","D22",2016-08-10,11.56,"data","below"
"406","D22",2016-09-12,2.06,"data","below"
"407","D22",2016-10-24,2,"data","below"
"408","D22",2016-11-07,2,"data","below"
"409","D22",2016-12-09,1.43,"data","below"
"410","D22",2017-01-09,2.35,"data","below"
"411","D22",2017-02-08,5.02,"data","below"
"412","D22",2017-03-08,5.29,"data","below"
"413","NZ068",2017-05-19,1.42,"data","below"
"414","NZ068",2017-06-14,2.14,"data","below"
"415","NZ068",2017-07-13,10.58,"data","below"
"416","NZ068",2017-08-10,3.53,"data","below"
"417","NZ068",2017-09-11,2.45,"data","below"
"418","NZ068",2017-10-09,1.91,"data","below"
"419","NZ068",2017-11-09,1.22,"data","below"
"420","NZ068",2017-12-08,1.18,"data","below"
"421","NZ068",2018-01-05,1.71,"data","below"
"422","NZ068",2018-02-05,1.45,"data","below"
"423","NZ068",2018-03-09,1.54,"data","below"
"424","NZ068",2018-04-06,1.96,"data","below"
"425","NZ068",2018-05-10,2.32,"data","below"
"426","NZ068",2018-06-05,1.74,"data","below"
"427","NZ068",2018-07-18,3.96,"data","below"
"428","NZ068",2018-08-02,2.89,"data","below"
"429","NZ068",2018-09-13,1.63,"data","below"
"430","NZ068",2018-10-12,1.07,"data","below"
"431","NZ068",2018-11-20,1.12,"data","below"
"432","NZ068",2018-12-11,0.55,"data","below"
"433","NZ068",2019-01-10,2.86,"data","below"
"434","NZ068",2019-02-12,1.58,"data","below"
"435","NZ068",2019-03-12,2.35,"data","below"
"436","NZ068",2019-04-10,3.13,"data","below"
"437","NZ068",2019-05-09,0.89,"data","below"
"438","NZ068",2019-06-11,0.93,"data","below"
"439","NZ068",2019-07-08,0.61,"data","below"
"440","NZ068",2019-08-08,2.28,"data","below"
"441","NZ068",2019-09-06,1.03,"data","below"
"442","NZ068",2019-10-07,1.04,"data","below"
"443","NZ068",2019-11-06,1.22,"data","below"
"444","NZ068",2019-12-05,0.73,"data","below"
"445","34",2012-06-13,2.1,"data","below"
"446","34",2012-07-12,4.2,"data","below"
"447","34",2012-08-13,3.3,"data","below"
"448","34",2012-10-09,18.5,"data","below"
"449","34",2012-12-06,5.69999980926514,"data","below"
"450","34",2013-01-24,3.09999990463257,"data","below"
"451","34",2013-02-20,4.29999971389771,"data","below"
"452","34",2013-03-27,2.39999985694885,"data","below"
"453","34",2013-05-01,3.19999980926514,"data","below"
"454","34",2013-05-31,1.29999995231628,"data","below"
"455","34",2013-06-28,1.29999995231628,"data","below"
"456","34",2013-08-02,1.39999997615814,"data","below"
"457","34",2013-09-06,0.899999976158142,"data","below"
"458","34",2013-11-05,1.09999990463257,"data","below"
"459","34",2014-01-31,2.59999990463257,"data","below"
"460","34",2014-03-06,3.5,"data","below"
"461","34",2014-04-07,2.29999995231628,"data","below"
"462","34",2014-05-12,2.69999980926514,"data","below"
"463","34",2014-06-24,1.89999997615814,"data","below"
"464","34",2014-07-30,2.09999990463257,"data","below"
"465","34",2014-08-28,1.39999997615814,"data","below"
"466","34",2014-10-07,2.29999995231628,"data","below"
"467","34",2014-12-18,6.09999990463257,"data","below"
"468","34",2015-01-27,1.39999997615814,"data","below"
"469","34",2015-03-09,2.39999985694885,"data","below"
"470","34",2015-04-22,7.09999990463257,"data","below"
"471","34",2015-05-27,2,"data","below"
"472","34",2015-07-08,3.79999995231628,"data","below"
"473","34",2015-08-20,3.29999995231628,"data","below"
"474","34",2015-10-27,1,"data","below"
"475","34",2016-02-03,4.39999961853027,"data","below"
"476","34",2016-03-02,0.899999976158142,"data","below"
"477","34",2016-04-04,2.89999985694885,"data","below"
"478","34",2016-04-28,3.5,"data","below"
"479","34",2016-06-07,1.69999992847443,"data","below"
"480","34",2016-06-30,1.9,"data","below"
"481","34",2016-07-26,1.79999995231628,"data","below"
"482","34",2016-09-29,1.3,"data","below"
"483","34",2016-10-27,1,"data","below"
"484","34",2016-12-22,3.1,"data","below"
"485","34",2017-02-14,6.9,"data","below"
"486","34",2017-03-13,5.9,"data","below"
"487","34",2017-04-05,3.5,"data","below"
"488","34",2017-05-17,0.7,"data","below"
"489","34",2017-06-19,0.9,"data","below"
"490","34",2017-07-20,1.3,"data","below"
"491","34",2017-08-24,2.3,"data","below"
"492","34",2017-09-26,0.3,"data","below"
"493","34",2017-11-02,0.3,"data","below"
"494","34",2017-12-18,2.3,"data","below"
"495","34",2018-01-30,1.6,"data","below"
"496","34",2018-03-05,2.8,"data","below"
"497","34",2018-04-02,1.8,"data","below"
"498","34",2018-06-06,1.5,"data","below"
"499","34",2018-08-16,4.69999980926514,"data","below"
"500","34",2018-09-19,1.5,"data","below"
"501","34",2018-10-18,0.4,"data","below"
"502","34",2018-12-20,0.2,"data","below"
"503","34",2019-01-30,2.5,"data","below"
"504","34",2019-02-28,5.9,"data","below"
"505","34",2019-03-28,3.5,"data","below"
"506","34",2019-04-24,2,"data","below"
"507","34",2019-05-29,2.2,"data","below"
"508","34",2019-06-27,1.2,"data","below"
"509","34",2019-07-30,1.4,"data","below"
"510","34",2019-08-27,1.2,"data","below"
"511","34",2019-10-22,1.1,"data","below"
"512","653",2015-12-16,8.2,"data","below"
"513","657",1998-01-06,1.9,"data","below"
"514","657",1998-02-18,1.3,"data","below"
"515","657",1998-03-17,12.6,"data","below"
"516","657",1998-04-14,12.7,"data","below"
"517","657",1998-05-19,2.1,"data","below"
"518","657",1998-06-17,2.2,"data","below"
"519","657",1998-07-21,2.6,"data","below"
"520","657",1998-08-11,2.7,"data","below"
"521","657",1998-11-10,1.5,"data","below"
"522","657",1999-01-21,2.7,"data","below"
"523","657",1999-02-10,2.2,"data","below"
"524","657",1999-03-09,3.3,"data","below"
"525","657",1999-05-07,4.8,"data","below"
"526","657",1999-06-07,2.5,"data","below"
"527","657",1999-08-17,3,"data","below"
"528","657",1999-09-14,3.2,"data","below"
"529","657",1999-10-19,1.9,"data","below"
"530","657",1999-11-10,1.3,"data","below"
"531","657",1999-12-14,1.2,"data","below"
"532","657",2000-01-11,2.1,"data","below"
"533","657",2000-02-08,1.5,"data","below"
"534","657",2000-03-07,1.7,"data","below"
"535","657",2000-04-04,3.3,"data","below"
"536","657",2000-05-16,1.9,"data","below"
"537","657",2000-06-13,2.8,"data","below"
"538","657",2000-07-11,2,"data","below"
"539","657",2000-08-08,2.3,"data","below"
"540","657",2000-09-05,2.1,"data","below"
"541","657",2000-10-10,1.3,"data","below"
"542","657",2000-11-07,1.5,"data","below"
"543","657",2000-12-12,1.4,"data","below"
"544","657",2001-02-06,1.9,"data","below"
"545","657",2001-02-26,1.8,"data","below"
"546","657",2001-03-27,2.4,"data","below"
"547","657",2001-04-24,3.7,"data","below"
"548","657",2001-05-24,4.2,"data","below"
"549","657",2001-06-19,3.4,"data","below"
"550","657",2001-07-17,4.1,"data","below"
"551","657",2001-09-11,3.4,"data","below"
"552","657",2001-11-27,2.8,"data","below"
"553","657",2002-01-22,5.9,"data","below"
"554","657",2002-03-19,5.7,"data","below"
"555","657",2002-04-16,12,"data","below"
"556","657",2002-05-07,8.9,"data","below"
"557","657",2002-07-16,4.8,"data","below"
"558","657",2002-08-20,2.5,"data","below"
"559","657",2002-09-10,7.8,"data","below"
"560","657",2002-10-08,3.8,"data","below"
"561","657",2002-11-13,2.9,"data","below"
"562","657",2002-12-10,2.3,"data","below"
"563","657",2003-01-07,0.9,"data","below"
"564","657",2003-02-19,2.3,"data","below"
"565","657",2003-05-20,5.3,"data","below"
"566","657",2003-06-17,3.6,"data","below"
"567","657",2003-07-15,3.3,"data","below"
"568","657",2003-08-12,3,"data","below"
"569","657",2003-09-09,3.6,"data","below"
"570","657",2003-10-15,3.1,"data","below"
"571","657",2003-11-18,2.3,"data","below"
"572","657",2003-12-16,1.7,"data","below"
"573","657",2004-01-13,1.2,"data","below"
"574","657",2004-02-10,1.8,"data","below"
"575","657",2004-03-09,5.1,"data","below"
"576","657",2004-04-20,3,"data","below"
"577","657",2004-05-18,3.7,"data","below"
"578","657",2004-06-22,4.2,"data","below"
"579","657",2004-07-27,2.5,"data","below"
"580","657",2004-08-24,2.4,"data","below"
"581","657",2004-09-14,3.8,"data","below"
"582","657",2004-12-14,2.1,"data","below"
"583","657",2005-01-11,1.1,"data","below"
"584","657",2005-02-23,1.9,"data","below"
"585","657",2005-03-22,3.3,"data","below"
"586","657",2005-04-12,4,"data","below"
"587","657",2005-05-10,2.8,"data","below"
"588","657",2005-09-07,2.4,"data","below"
"589","657",2005-10-12,1.5,"data","below"
"590","657",2005-11-08,0.9,"data","below"
"591","657",2006-01-10,1,"data","below"
"592","657",2006-02-14,4.2,"data","below"
"593","657",2006-03-15,3.1,"data","below"
"594","657",2006-04-11,3.7,"data","below"
"595","657",2006-08-15,3.4,"data","below"
"596","657",2006-09-12,4,"data","below"
"597","657",2006-10-17,1.4,"data","below"
"598","657",2006-11-14,1.5,"data","below"
"599","657",2006-12-12,2.6,"data","below"
"600","657",2007-01-09,2.1,"data","below"
"601","657",2007-02-06,4.6,"data","below"
"602","657",2007-03-06,2.3,"data","below"
"603","657",2007-04-03,2.4,"data","below"
"604","657",2007-09-11,2.6,"data","below"
"605","657",2007-10-23,2.5,"data","below"
"606","657",2007-11-14,3.9,"data","below"
"607","657",2007-12-11,1.2,"data","below"
"608","657",2008-03-11,1.4,"data","below"
"609","657",2008-05-06,2.8,"data","below"
"610","657",2008-06-17,3.3,"data","below"
"611","657",2008-07-15,3.5,"data","below"
"612","657",2008-08-19,4.2,"data","below"
"613","657",2008-09-16,2.9,"data","below"
"614","657",2008-10-15,2.1,"data","below"
"615","657",2008-11-18,1.2,"data","below"
"616","657",2008-12-16,1.9,"data","below"
"617","657",2009-01-13,2.8,"data","below"
"618","657",2009-02-10,2.7,"data","below"
"619","657",2009-03-12,1.7,"data","below"
"620","657",2009-04-16,1.9,"data","below"
"621","657",2009-05-19,1.8,"data","below"
"622","657",2009-06-23,3.7,"data","below"
"623","657",2009-07-21,3.2,"data","below"
"624","657",2009-08-27,2.3,"data","below"
"625","657",2009-09-22,3.8,"data","below"
"626","657",2009-10-29,1.7,"data","below"
"627","657",2009-11-18,2,"data","below"
"628","657",2009-12-03,1.8,"data","below"
"629","657",2010-01-05,1.6,"data","below"
"630","657",2010-02-23,2.8,"data","below"
"631","657",2010-03-30,1.8,"data","below"
"632","657",2010-04-13,1.5,"data","below"
"633","657",2010-05-20,1.3,"data","below"
"634","657",2010-06-15,2.4,"data","below"
"635","657",2010-07-13,3.2,"data","below"
"636","657",2010-08-17,2.8,"data","below"
"637","657",2010-09-14,2.8,"data","below"
"638","657",2010-10-26,1.4,"data","below"
"639","657",2010-12-16,2.6,"data","below"
"640","657",2011-01-11,1.4,"data","below"
"641","657",2011-02-09,2.3,"data","below"
"642","657",2011-03-29,2,"data","below"
"643","657",2011-04-19,6.2,"data","below"
"644","657",2011-06-14,2.6,"data","below"
"645","657",2011-07-12,1.6,"data","below"
"646","657",2011-08-16,2.6,"data","below"
"647","657",2011-09-20,3.2,"data","below"
"648","657",2011-10-18,6.5,"data","below"
"649","657",2011-11-15,2.4,"data","below"
"650","657",2012-01-10,2.5,"data","below"
"651","657",2012-03-20,2.7,"data","below"
"652","657",2012-04-11,1.3,"data","below"
"653","657",2012-05-23,1.7,"data","below"
"654","657",2012-06-19,1.8,"data","below"
"655","657",2012-07-17,2.2,"data","below"
"656","657",2012-08-07,1.8,"data","below"
"657","657",2012-09-11,1.8,"data","below"
"658","657",2012-10-03,30.5,"data","below"
"659","657",2012-11-06,1.1,"data","below"
"660","657",2012-12-04,2.4,"data","below"
"661","657",2013-01-15,2,"data","below"
"662","657",2013-02-26,2.3,"data","below"
"663","657",2013-03-26,4,"data","below"
"664","657",2013-04-23,5.6,"data","below"
"665","657",2013-07-23,2.7,"data","below"
"666","657",2013-08-28,1.4,"data","below"
"667","657",2013-09-26,1.8,"data","below"
"668","657",2013-10-25,1.5,"data","below"
"669","657",2013-11-19,2.5,"data","below"
"670","657",2013-12-03,1.8,"data","below"
"671","657",2014-01-14,3.5,"data","below"
"672","657",2014-02-11,5.3,"data","below"
"673","657",2014-03-11,2.3,"data","below"
"674","657",2014-06-10,3.5,"data","below"
"675","657",2014-07-15,2.7,"data","below"
"676","657",2014-08-12,2.8,"data","below"
"677","657",2014-09-16,3.8,"data","below"
"678","657",2014-10-15,2.9,"data","below"
"679","657",2014-11-18,1.7,"data","below"
"680","657",2015-01-22,0.9,"data","below"
"681","657",2015-02-18,1.6,"data","below"
"682","657",2015-03-17,3.4,"data","below"
"683","657",2015-04-21,4.4,"data","below"
"684","657",2015-05-19,2.1,"data","below"
"685","657",2015-07-21,5.1,"data","below"
"686","657",2015-08-26,2.1,"data","below"
"687","657",2015-09-24,2.8,"data","below"
"688","657",2015-10-15,2.9,"data","below"
"689","657",2016-02-10,1.9,"data","below"
"690","657",2016-03-09,3.4,"data","below"
"691","657",2016-08-24,12.5,"data","below"
"692","657",2016-09-20,1.2,"data","below"
"693","657",2016-10-18,1.1,"data","below"
"694","657",2016-12-13,1.5,"data","below"
"695","657",2017-03-21,4.5,"data","below"
"696","657",2017-04-18,7.1,"data","below"
"697","657",2017-06-22,2.4,"data","below"
"698","657",2017-07-25,0.5,"data","below"
"699","657",2017-08-22,2.3,"data","below"
"700","657",2017-09-19,2.3,"data","below"
"701","657",2017-10-18,2.5,"data","below"
"702","657",2017-11-14,1.5,"data","below"
"703","657",2017-12-06,1.4,"data","below"
"704","657",2018-01-10,3.3,"data","below"
"705","657",2018-02-07,2.2,"data","below"
"706","657",2018-03-15,1.4,"data","below"
"707","657",2018-04-18,2.2,"data","below"
"708","657",2018-05-07,1.2,"data","below"
"709","657",2018-06-11,1.6,"data","below"
"710","657",2018-07-12,2.3,"data","below"
"711","657",2018-08-14,1.4,"data","below"
"712","657",2018-09-18,1.2,"data","below"
"713","657",2018-10-17,1.8,"data","below"
"714","657",2018-12-05,1.2,"data","below"
"715","657",2019-02-20,2.2,"data","below"
"716","657",2019-03-20,12.6,"data","below"
"717","657",2019-04-25,4.5,"data","below"
"718","657",2019-05-14,2.8,"data","below"
"719","657",2019-06-04,1.4,"data","below"
"720","657",2019-07-01,1.4,"data","below"
"721","657",2019-08-01,1.9,"data","below"
"722","657",2019-09-18,1.2,"data","below"
"723","657",2019-10-23,1.7,"data","below"
"724","657",2019-11-13,1.4,"data","below"
"725","657",2019-12-19,1.2,"data","below"
"726","USGS-11455478",2015-12-10,3.8,"data","below"
"727","USGS-11455478",2016-07-12,5,"data","below"
"728","USGS-11455478",2016-12-08,1.5,"data","below"
"729","USGS-11455478",2016-01-05,2.7,"data","below"
"730","USGS-11455478",2016-05-10,38.2,"data","below"
"731","USGS-11455478",2016-05-06,35.9,"data","below"
"732","USGS-11455478",2017-07-18,5.8,"data","below"
"733","USGS-11455478",2019-04-16,2.5,"data","below"
"734","USGS-11455478",2017-05-02,3.9,"data","below"
"735","USGS-11455478",2017-12-14,1.1,"data","below"
"736","USGS-11455478",2016-05-25,2.6,"data","below"
"737","USGS-11455478",2017-07-17,5.8,"data","below"
"738","USGS-11455478",2016-06-08,7.3,"data","below"
"739","USGS-11455478",2016-11-09,2.4,"data","below"
"740","USGS-11455478",2017-02-07,9.1,"data","below"
"741","USGS-11455478",2017-06-20,2,"data","below"
"742","USGS-11455478",2016-08-09,10.9,"data","below"
"743","USGS-11455478",2016-10-12,1.5,"data","below"
"744","USGS-11455478",2017-01-11,2.6,"data","below"
"745","USGS-11455478",2016-02-09,1.4,"data","below"
"746","USGS-11455478",2016-06-09,4.7,"data","below"
"747","USGS-11455478",2016-03-08,5.4,"data","below"
"748","USGS-11455478",2017-04-27,3.2,"data","below"
"749","USGS-11455478",2018-10-02,1.2,"data","below"
"750","USGS-11455478",2017-09-14,1.9,"data","below"
"751","USGS-11455478",2016-06-28,27.6,"data","below"
"752","USGS-11455478",2018-07-26,20.4,"data","below"
"753","USGS-11455478",2017-06-27,3,"data","below"
"754","USGS-11455478",2016-04-05,5,"data","below"
"755","USGS-11455478",2019-08-06,6,"data","below"
"756","USGS-11455478",2018-08-23,3.3,"data","below"
"757","USGS-11455478",2018-05-17,1.7,"data","below"
"758","USGS-11455478",2017-11-21,1,"data","below"
"759","USGS-11455478",2017-10-24,4.1,"data","below"
"760","USGS-11455478",2018-03-26,1.7,"data","below"
"761","USGS-11455478",2019-09-17,2.3,"data","below"
"762","USGS-11455478",2019-02-05,1.4,"data","below"
"763","USGS-11455478",2019-06-13,1.1,"data","below"
"764","USGS-11455478",2018-02-13,1.8,"data","below"
"765","USGS-11455478",2018-09-05,2.5,"data","below"
"766","USGS-11455478",2018-06-14,4.1,"data","below"
"767","USGS-11455478",2017-06-01,2,"data","below"
"768","USGS-11455478",2018-04-10,2.2,"data","below"
"769","USGS-11455478",2019-03-19,5.9,"data","below"
"770","USGS-11455478",2019-12-18,0.9,"data","below"
"771","USGS-11455139",2016-05-25,4.6,"data","yolo"
"772","USGS-11455139",2016-03-31,31.5,"data","yolo"
"773","USGS-11455139",2016-10-13,3.6,"data","yolo"
"774","USGS-11455139",2016-11-15,5.6,"data","yolo"
"775","USGS-11455139",2016-09-21,5.2,"data","yolo"
"776","USGS-11455139",2016-08-11,11,"data","yolo"
"777","USGS-11455139",2016-02-11,7,"data","yolo"
"778","USGS-11455139",2017-05-02,8.1,"data","yolo"
"779","USGS-11455139",2015-08-28,14.2,"data","yolo"
"780","USGS-11455139",2017-03-01,0.9,"data","yolo"
"781","USGS-11455139",2016-04-07,27.8,"data","yolo"
"782","USGS-11455139",2016-03-10,5.5,"data","yolo"
"783","USGS-11455139",2016-10-20,2.2,"data","yolo"
"784","USGS-11455139",2016-11-17,2.2,"data","yolo"
"785","USGS-11455139",2016-12-06,7,"data","yolo"
"786","USGS-11455139",2015-12-08,3,"data","yolo"
"787","USGS-11455139",2017-03-15,33,"data","yolo"
"788","USGS-11455139",2016-01-07,7.8,"data","yolo"
"789","USGS-11455139",2016-06-09,10.8,"data","yolo"
"790","USGS-11455139",2019-03-19,3.4,"data","yolo"
"791","LIS",2013-10-04,19.48,"data","yolo"
"792","LIS",2013-11-05,6.02,"data","yolo"
"793","LIS",2013-11-19,4.27,"data","yolo"
"794","LIS",2013-12-03,5.75,"data","yolo"
"795","LIS",2013-12-17,6.75,"data","yolo"
"796","LIS",2014-01-08,6.47,"data","yolo"
"797","LIS",2014-01-21,9.08,"data","yolo"
"798","LIS",2014-02-04,8.97,"data","yolo"
"799","LIS",2014-02-18,9.16,"data","yolo"
"800","LIS",2014-03-06,13.24,"data","yolo"
"801","LIS",2014-03-18,9.83,"data","yolo"
"802","LIS",2014-04-08,5.51,"data","yolo"
"803","LIS",2014-04-22,14.52,"data","yolo"
"804","LIS",2014-05-06,13.46,"data","yolo"
"805","LIS",2014-05-20,7.35,"data","yolo"
"806","LIS",2014-06-17,8.18,"data","yolo"
"807","LIS",2014-07-08,9.33,"data","yolo"
"808","LIS",2014-11-06,3.25,"data","yolo"
"809","LIS",2014-12-02,1.05,"data","yolo"
"810","LIS",2015-01-08,5.66,"data","yolo"
"811","LIS",2015-01-22,9.27,"data","yolo"
"812","LIS",2015-04-09,29.5,"data","yolo"
"813","LIS",2015-06-15,4.24,"data","yolo"
"814","LIS",2015-07-21,10.72,"data","yolo"
"815","LIS",2015-11-18,4.7,"data","yolo"
"816","LIS",2015-11-23,3.1,"data","yolo"
"817","LIS",2015-12-21,6.49,"data","yolo"
"818","LIS",2016-01-19,14.62,"data","yolo"
"819","LIS",2016-02-18,16.65,"data","yolo"
"820","LIS",2016-03-22,46.72,"data","yolo"
"821","LIS",2016-04-06,28.14,"data","yolo"
"822","LIS",2016-04-18,24.44,"data","yolo"
"823","LIS",2016-06-28,49.1,"data","yolo"
"824","LIS",2017-01-31,1.48,"data","yolo"
"825","LIS",2017-05-03,4.64,"data","yolo"
"826","LIS",2017-06-21,18.71,"data","yolo"
"827","LIS",2019-08-06,18.4,"data","yolo"
"828","LIS",2019-08-20,15.4,"data","yolo"
"829","LIS",2019-09-03,5.56,"data","yolo"
"830","LIS",2019-09-17,6.74,"data","yolo"
"831","LIS",2019-10-01,18.09,"data","yolo"
"832","LIS",2019-10-15,9.83,"data","yolo"
"833","LIS",2019-11-12,7.22,"data","yolo"
"834","STTD",2009-02-11,10,"data","yolo"
"835","STTD",2009-02-27,5.45,"data","yolo"
"836","STTD",2009-03-12,14.85,"data","yolo"
"837","STTD",2009-03-25,11.85,"data","yolo"
"838","STTD",2009-04-08,19.33,"data","yolo"
"839","STTD",2009-04-23,53.83,"data","yolo"
"840","STTD",2009-05-07,31.29,"data","yolo"
"841","STTD",2009-06-03,8.65,"data","yolo"
"842","STTD",2009-06-18,7.48,"data","yolo"
"843","STTD",2010-01-06,2.45,"data","yolo"
"844","STTD",2010-01-13,1.77,"data","yolo"
"845","STTD",2010-01-21,12.4,"data","yolo"
"846","STTD",2010-01-26,2.09,"data","yolo"
"847","STTD",2010-02-03,3.51,"data","yolo"
"848","STTD",2010-02-10,4.49,"data","yolo"
"849","STTD",2010-02-17,12.2,"data","yolo"
"850","STTD",2010-02-24,8.12,"data","yolo"
"851","STTD",2010-03-03,5.51,"data","yolo"
"852","STTD",2010-03-17,10.15,"data","yolo"
"853","STTD",2010-04-12,16.1,"data","yolo"
"854","STTD",2010-04-28,3.61,"data","yolo"
"855","STTD",2010-05-13,26.06,"data","yolo"
"856","STTD",2010-05-27,9.08,"data","yolo"
"857","STTD",2011-01-12,3.17,"data","yolo"
"858","STTD",2011-01-26,4.29,"data","yolo"
"859","STTD",2011-02-09,4.25,"data","yolo"
"860","STTD",2011-02-23,3.93,"data","yolo"
"861","STTD",2011-03-09,5.66,"data","yolo"
"862","STTD",2011-03-29,6.17,"data","yolo"
"863","STTD",2011-04-13,16.4,"data","yolo"
"864","STTD",2011-04-22,10.15,"data","yolo"
"865","STTD",2011-05-04,7.48,"data","yolo"
"866","STTD",2011-05-19,23.7,"data","yolo"
"867","STTD",2011-06-01,9.29,"data","yolo"
"868","STTD",2011-06-15,12.6,"data","yolo"
"869","STTD",2011-06-29,7.37,"data","yolo"
"870","STTD",2011-07-13,7.16,"data","yolo"
"871","STTD",2011-07-26,6.3,"data","yolo"
"872","STTD",2011-08-10,6.84,"data","yolo"
"873","STTD",2011-08-24,6.84,"data","yolo"
"874","STTD",2011-09-07,23.71,"data","yolo"
"875","STTD",2011-09-20,12.1,"data","yolo"
"876","STTD",2011-10-06,18.2,"data","yolo"
"877","STTD",2011-10-19,17.05,"data","yolo"
"878","STTD",2011-11-02,27.66,"data","yolo"
"879","STTD",2011-11-15,6.62,"data","yolo"
"880","STTD",2011-11-30,3.84,"data","yolo"
"881","STTD",2011-12-14,4.33,"data","yolo"
"882","STTD",2011-12-29,8.53,"data","yolo"
"883","STTD",2012-01-11,3.86,"data","yolo"
"884","STTD",2012-01-24,5.98,"data","yolo"
"885","STTD",2012-02-08,7.05,"data","yolo"
"886","STTD",2012-03-07,15.38,"data","yolo"
"887","STTD",2012-03-22,3.65,"data","yolo"
"888","STTD",2012-04-04,4.59,"data","yolo"
"889","STTD",2012-04-16,7.8,"data","yolo"
"890","STTD",2012-05-02,10.79,"data","yolo"
"891","STTD",2012-05-17,4.7,"data","yolo"
"892","STTD",2012-05-31,3.9,"data","yolo"
"893","STTD",2012-06-13,4.89,"data","yolo"
"894","STTD",2012-06-25,6.73,"data","yolo"
"895","STTD",2012-07-10,7.52,"data","yolo"
"896","STTD",2012-07-25,9.29,"data","yolo"
"897","STTD",2012-08-07,8.22,"data","yolo"
"898","STTD",2012-08-21,7.05,"data","yolo"
"899","STTD",2012-08-31,39.3,"data","yolo"
"900","STTD",2012-09-04,11.2,"data","yolo"
"901","STTD",2012-09-05,10.2,"data","yolo"
"902","STTD",2012-09-07,6.51,"data","yolo"
"903","STTD",2012-09-11,6.51,"data","yolo"
"904","STTD",2012-09-14,9.72,"data","yolo"
"905","STTD",2012-09-17,12.3,"data","yolo"
"906","STTD",2012-09-21,11.9,"data","yolo"
"907","STTD",2012-09-25,15,"data","yolo"
"908","STTD",2012-10-19,20.3,"data","yolo"
"909","STTD",2012-10-30,8.86,"data","yolo"
"910","STTD",2012-11-13,7.26,"data","yolo"
"911","STTD",2012-11-29,8.01,"data","yolo"
"912","STTD",2012-12-12,4.04,"data","yolo"
"913","STTD",2012-12-27,2.95,"data","yolo"
"914","STTD",2013-01-03,1.72,"data","yolo"
"915","STTD",2013-01-08,4.71,"data","yolo"
"916","STTD",2013-01-18,4.84,"data","yolo"
"917","STTD",2013-01-24,6.62,"data","yolo"
"918","STTD",2013-01-30,7.37,"data","yolo"
"919","STTD",2013-02-08,5.98,"data","yolo"
"920","STTD",2013-02-13,5.55,"data","yolo"
"921","STTD",2013-02-22,5.98,"data","yolo"
"922","STTD",2013-02-27,13.03,"data","yolo"
"923","STTD",2013-03-06,13.56,"data","yolo"
"924","STTD",2013-03-13,21.47,"data","yolo"
"925","STTD",2013-03-20,19.86,"data","yolo"
"926","STTD",2013-04-03,8.67,"data","yolo"
"927","STTD",2013-04-15,8.58,"data","yolo"
"928","STTD",2013-04-29,19.5,"data","yolo"
"929","STTD",2013-05-14,5.98,"data","yolo"
"930","STTD",2013-05-31,5.45,"data","yolo"
"931","STTD",2013-06-11,5.45,"data","yolo"
"932","STTD",2013-06-25,6.51,"data","yolo"
"933","STTD",2013-07-11,10.22,"data","yolo"
"934","STTD",2013-07-25,7.05,"data","yolo"
"935","STTD",2013-07-31,10.89,"data","yolo"
"936","STTD",2013-08-06,6.51,"data","yolo"
"937","STTD",2013-08-15,6.24,"data","yolo"
"938","STTD",2013-08-23,6.24,"data","yolo"
"939","STTD",2013-08-26,10.1,"data","yolo"
"940","STTD",2013-09-05,23.5,"data","yolo"
"941","STTD",2013-09-12,25.42,"data","yolo"
"942","STTD",2013-09-17,31.4,"data","yolo"
"943","STTD",2013-09-23,20.08,"data","yolo"
"944","STTD",2013-09-26,27.13,"data","yolo"
"945","STTD",2013-10-01,14.95,"data","yolo"
"946","STTD",2013-10-03,13.03,"data","yolo"
"947","STTD",2013-10-08,5.66,"data","yolo"
"948","STTD",2013-10-15,5.83,"data","yolo"
"949","STTD",2013-10-22,4.7,"data","yolo"
"950","STTD",2013-10-30,3.97,"data","yolo"
"951","STTD",2013-11-12,2.56,"data","yolo"
"952","STTD",2013-12-04,2.65,"data","yolo"
"953","STTD",2013-12-18,2.99,"data","yolo"
"954","STTD",2014-01-02,13.24,"data","yolo"
"955","STTD",2014-01-15,7.2,"data","yolo"
"956","STTD",2014-01-29,10.83,"data","yolo"
"957","STTD",2014-02-12,8.19,"data","yolo"
"958","STTD",2014-02-24,8.52,"data","yolo"
"959","STTD",2014-03-12,6.56,"data","yolo"
"960","STTD",2014-03-25,10.51,"data","yolo"
"961","STTD",2014-04-07,6.77,"data","yolo"
"962","STTD",2014-04-25,3.46,"data","yolo"
"963","STTD",2014-05-09,3.46,"data","yolo"
"964","STTD",2014-05-22,3.72,"data","yolo"
"965","STTD",2014-06-09,5.85,"data","yolo"
"966","STTD",2014-06-23,6.77,"data","yolo"
"967","STTD",2014-07-23,7.41,"data","yolo"
"968","STTD",2014-08-05,5.99,"data","yolo"
"969","STTD",2014-08-14,6.3,"data","yolo"
"970","STTD",2014-08-21,7.54,"data","yolo"
"971","STTD",2014-08-27,5.23,"data","yolo"
"972","STTD",2014-09-04,7.52,"data","yolo"
"973","STTD",2014-09-10,7.05,"data","yolo"
"974","STTD",2014-09-18,14.31,"data","yolo"
"975","STTD",2014-09-24,9.72,"data","yolo"
"976","STTD",2014-10-02,7.13,"data","yolo"
"977","STTD",2014-10-07,6.54,"data","yolo"
"978","STTD",2014-10-13,3.74,"data","yolo"
"979","STTD",2014-10-23,13.03,"data","yolo"
"980","STTD",2014-10-27,13.46,"data","yolo"
"981","STTD",2014-11-05,6.88,"data","yolo"
"982","STTD",2014-11-19,3.42,"data","yolo"
"983","STTD",2014-12-04,0.94,"data","yolo"
"984","STTD",2014-12-18,1.82,"data","yolo"
"985","STTD",2014-12-30,2.82,"data","yolo"
"986","STTD",2015-01-16,9.76,"data","yolo"
"987","STTD",2015-01-20,13.67,"data","yolo"
"988","STTD",2015-02-04,8.79,"data","yolo"
"989","STTD",2015-02-17,8.93,"data","yolo"
"990","STTD",2015-03-04,17.73,"data","yolo"
"991","STTD",2015-03-16,14.82,"data","yolo"
"992","STTD",2015-03-24,14.16,"data","yolo"
"993","STTD",2015-04-02,16.47,"data","yolo"
"994","STTD",2015-04-16,32.21,"data","yolo"
"995","STTD",2015-04-30,5.45,"data","yolo"
"996","STTD",2015-05-18,2.63,"data","yolo"
"997","STTD",2015-06-03,4.02,"data","yolo"
"998","STTD",2015-06-17,3.89,"data","yolo"
"999","STTD",2015-06-30,3.16,"data","yolo"
"1000","STTD",2015-07-15,8.48,"data","yolo"
"1001","STTD",2015-07-28,8.83,"data","yolo"
"1002","STTD",2015-08-03,5.72,"data","yolo"
"1003","STTD",2015-08-13,5.66,"data","yolo"
"1004","STTD",2015-08-18,8.37,"data","yolo"
"1005","STTD",2015-08-27,15.17,"data","yolo"
"1006","STTD",2015-09-01,9.29,"data","yolo"
"1007","STTD",2015-09-10,11.64,"data","yolo"
"1008","STTD",2015-09-15,7.97,"data","yolo"
"1009","STTD",2015-09-21,7.65,"data","yolo"
"1010","STTD",2015-10-01,4.69,"data","yolo"
"1011","STTD",2015-10-08,3.59,"data","yolo"
"1012","STTD",2015-10-13,2.92,"data","yolo"
"1013","STTD",2015-10-19,3.05,"data","yolo"
"1014","STTD",2015-10-27,2.54,"data","yolo"
"1015","STTD",2015-11-12,1.69,"data","yolo"
"1016","STTD",2015-11-24,2.61,"data","yolo"
"1017","STTD",2015-12-09,2.73,"data","yolo"
"1018","STTD",2015-12-23,3.95,"data","yolo"
"1019","STTD",2016-01-12,10.07,"data","yolo"
"1020","STTD",2016-01-27,4.29,"data","yolo"
"1021","STTD",2016-02-09,7.75,"data","yolo"
"1022","STTD",2016-02-22,8.8,"data","yolo"
"1023","STTD",2016-03-07,12.7,"data","yolo"
"1024","STTD",2016-03-18,1.75,"data","yolo"
"1025","STTD",2016-03-24,67.08,"data","yolo"
"1026","STTD",2016-03-30,37.13,"data","yolo"
"1027","STTD",2016-04-08,26.3,"data","yolo"
"1028","STTD",2016-04-19,18.92,"data","yolo"
"1029","STTD",2016-05-04,7.04,"data","yolo"
"1030","STTD",2016-05-19,4.59,"data","yolo"
"1031","STTD",2016-06-01,5.93,"data","yolo"
"1032","STTD",2016-06-14,22.75,"data","yolo"
"1033","STTD",2016-06-23,28.16,"data","yolo"
"1034","STTD",2016-06-30,5.63,"data","yolo"
"1035","STTD",2016-07-07,18.35,"data","yolo"
"1036","STTD",2016-07-14,10.48,"data","yolo"
"1037","STTD",2016-07-19,22.64,"data","yolo"
"1038","STTD",2016-07-28,16.44,"data","yolo"
"1039","STTD",2016-08-02,11.93,"data","yolo"
"1040","STTD",2016-08-09,9.09,"data","yolo"
"1041","STTD",2016-08-16,12.55,"data","yolo"
"1042","STTD",2016-08-25,11.73,"data","yolo"
"1043","STTD",2016-08-30,8.41,"data","yolo"
"1044","STTD",2016-09-08,7.35,"data","yolo"
"1045","STTD",2016-09-13,8.4,"data","yolo"
"1046","STTD",2016-09-20,4.37,"data","yolo"
"1047","STTD",2016-10-04,4.63,"data","yolo"
"1048","STTD",2016-10-18,2.14,"data","yolo"
"1049","STTD",2016-10-31,2.44,"data","yolo"
"1050","STTD",2016-11-14,3.16,"data","yolo"
"1051","STTD",2016-11-28,13.84,"data","yolo"
"1052","STTD",2016-12-13,5.72,"data","yolo"
"1053","STTD",2016-12-21,2.68,"data","yolo"
"1054","STTD",2016-12-27,5.83,"data","yolo"
"1055","STTD",2017-01-11,1.83,"data","yolo"
"1056","STTD",2017-01-18,1.3,"data","yolo"
"1057","STTD",2017-01-24,1.19,"data","yolo"
"1058","STTD",2017-02-02,2.23,"data","yolo"
"1059","STTD",2017-02-06,1.71,"data","yolo"
"1060","STTD",2017-02-16,0.83,"data","yolo"
"1061","STTD",2017-02-22,0.87,"data","yolo"
"1062","STTD",2017-03-09,2.2,"data","yolo"
"1063","STTD",2017-03-14,39.09,"data","yolo"
"1064","STTD",2017-03-22,18.34,"data","yolo"
"1065","STTD",2017-03-28,15.93,"data","yolo"
"1066","STTD",2017-04-05,23.37,"data","yolo"
"1067","STTD",2017-04-13,7.15,"data","yolo"
"1068","STTD",2017-04-18,5.39,"data","yolo"
"1069","STTD",2017-04-26,5.06,"data","yolo"
"1070","STTD",2017-05-05,13.62,"data","yolo"
"1071","STTD",2017-05-09,28.28,"data","yolo"
"1072","STTD",2017-05-16,45.14,"data","yolo"
"1073","STTD",2017-05-30,29.84,"data","yolo"
"1074","STTD",2017-06-12,18.23,"data","yolo"
"1075","STTD",2017-06-28,2.47,"data","yolo"
"1076","STTD",2017-07-06,5.05,"data","yolo"
"1077","STTD",2017-07-19,5.09,"data","yolo"
"1078","STTD",2017-08-02,5.62,"data","yolo"
"1079","STTD",2017-09-20,2.39,"data","yolo"
"1080","STTD",2017-10-04,1.96,"data","yolo"
"1081","STTD",2017-10-19,1.18,"data","yolo"
"1082","STTD",2017-11-02,1.63,"data","yolo"
"1083","STTD",2017-11-15,2.03,"data","yolo"
"1084","STTD",2017-11-29,4.73,"data","yolo"
"1085","STTD",2017-12-13,1.25,"data","yolo"
"1086","STTD",2017-12-20,1.58,"data","yolo"
"1087","STTD",2018-01-02,27.78,"data","yolo"
"1088","STTD",2018-01-17,10.5,"data","yolo"
"1089","STTD",2018-01-30,15.54,"data","yolo"
"1090","STTD",2018-02-13,11.52,"data","yolo"
"1091","STTD",2018-02-28,34.9,"data","yolo"
"1092","STTD",2018-03-14,13.66,"data","yolo"
"1093","STTD",2018-03-28,14.67,"data","yolo"
"1094","STTD",2018-04-10,4.61,"data","yolo"
"1095","STTD",2018-04-25,16.6,"data","yolo"
"1096","STTD",2018-05-01,11.5,"data","yolo"
"1097","STTD",2018-05-15,3.24,"data","yolo"
"1098","STTD",2018-05-30,1.36,"data","yolo"
"1099","STTD",2018-06-12,0.93,"data","yolo"
"1100","STTD",2018-06-26,1.72,"data","yolo"
"1101","STTD",2018-11-08,1.11,"data","yolo"
"1102","STTD",2018-11-26,0.85,"data","yolo"
"1103","STTD",2018-12-11,0.83,"data","yolo"
"1104","STTD",2018-12-26,1.63,"data","yolo"
"1105","STTD",2019-01-08,4.2,"data","yolo"
"1106","STTD",2019-01-22,2.9,"data","yolo"
"1107","STTD",2019-02-05,3.65,"data","yolo"
"1108","STTD",2019-02-19,1.5,"data","yolo"
"1109","STTD",2019-02-26,18.52,"data","yolo"
"1110","STTD",2019-03-11,0.97,"data","yolo"
"1111","STTD",2019-03-20,11.58,"data","yolo"
"1112","STTD",2019-03-28,24.7,"data","yolo"
"1113","STTD",2019-04-03,11,"data","yolo"
"1114","STTD",2019-04-08,4.81,"data","yolo"
"1115","STTD",2019-04-15,3.75,"data","yolo"
"1116","STTD",2019-04-22,17.4,"data","yolo"
"1117","STTD",2019-05-06,8.87,"data","yolo"
"1118","STTD",2019-05-20,10.3,"data","yolo"
"1119","STTD",2019-06-03,3.26,"data","yolo"
"1120","STTD",2019-06-17,1.48,"data","yolo"
"1121","STTD",2019-07-01,1.36,"data","yolo"
"1122","STTD",2019-07-15,0.83,"data","yolo"
"1123","STTD",2019-08-07,1.25,"data","yolo"
"1124","STTD",2019-08-21,2.93,"data","yolo"
"1125","STTD",2019-09-04,9.1,"data","yolo"
"1126","STTD",2019-09-18,5.46,"data","yolo"
"1127","STTD",2019-10-02,1.28,"data","yolo"
"1128","STTD",2019-10-16,1.01,"data","yolo"
"1129","STTD",2019-10-29,1.25,"data","yolo"
"1130","STTD",2019-11-14,1.01,"data","yolo"
"1131","STTD",2019-11-26,1.22,"data","yolo"
"1132","STTD",2019-12-09,7.34,"data","yolo"
"1133","STTD",2019-12-26,4.82,"data","yolo"
"1134","USGS-11455139",2017-06-07,58.85,"mean","yolo"
"1135","USGS-11447650",2018-08-08,2.7,"data","above"
"1136","USGS-11447650",2018-06-14,3.2,"data","above"
"1137","USGS-11447650",2017-09-05,3.5,"data","above"
"1138","USGS-11447650",2017-07-20,4.8,"data","above"
"1139","USGS-11447650",2018-08-20,1.7,"data","above"
"1140","USGS-11447650",2019-06-24,1.9,"data","above"
"1141","USGS-11447650",2019-10-09,1.3,"data","above"
"1142","USGS-11447650",2019-06-06,2.6,"data","above"
"1143","USGS-11447650",2019-07-25,3.5,"data","above"
"1144","USGS-11447650",2018-10-17,0.9,"data","above"
"1145","USGS-11447650",2016-08-25,1.9,"data","above"
"1146","USGS-11447650",2015-12-15,2.6,"data","above"
"1147","USGS-11447650",2016-04-19,3.2,"data","above"
"1148","USGS-11447650",2017-09-28,2.1,"data","above"
"1149","USGS-11447650",2017-03-10,2.6,"data","above"
"1150","USGS-11447650",2016-11-22,1.6,"data","above"
"1151","USGS-11447650",2016-07-28,2.1,"data","above"
"1152","USGS-11447650",2016-03-24,3.9,"data","above"
"1153","USGS-11447650",2017-03-16,3.4,"data","above"
"1154","USGS-11447650",2016-05-12,1.5,"data","above"
"1155","USGS-11447650",2018-05-17,5.3,"data","above"
"1156","USGS-11447650",2017-12-21,3.2,"data","above"
"1157","USGS-11447650",2016-01-19,2.3,"data","above"
"1158","USGS-11447650",2017-07-25,3.3,"data","above"
"1159","USGS-11447650",2016-09-28,0.8,"data","above"
"1160","USGS-11447650",2016-06-21,1.7,"data","above"
"1161","USGS-11447650",2019-09-10,1.7,"data","above"
"1162","USGS-11447650",2018-09-12,1.6,"data","above"
"1163","USGS-11447650",2017-08-24,3.3,"data","above"
"1164","USGS-11447650",2017-07-14,4,"data","above"
"1165","USGS-11447650",2018-10-30,0.7,"data","above"
"1166","USGS-11447650",2017-11-29,2.4,"data","above"
"1167","USGS-11447650",2016-10-20,0.6,"data","above"
"1168","USGS-11447650",2019-04-25,5.3,"data","above"
"1169","USGS-11447650",2018-12-06,2.6,"data","above"
"1170","USGS-11447650",2018-01-30,2.5,"data","above"
"1171","USGS-11447650",2019-10-11,1.7,"data","above"
"1172","USGS-11447650",2018-06-21,2.4,"data","above"
"1173","USGS-11447650",2017-05-25,2.4,"data","above"
"1174","USGS-11447650",2019-01-31,2.6,"data","above"
"1175","USGS-11447650",2019-06-11,2.3,"data","above"
"1176","USGS-11447650",2019-04-03,3.3,"data","above"
"1177","USGS-11447650",2019-09-12,1.7,"data","above"
"1178","SHR",2009-02-11,3.37,"data","above"
"1179","SHR",2009-02-27,2.61,"data","above"
"1180","SHR",2009-03-12,4.37,"data","above"
"1181","SHR",2009-03-25,3.18,"data","above"
"1182","SHR",2009-04-08,3.7,"data","above"
"1183","SHR",2009-04-23,4.58,"data","above"
"1184","SHR",2009-05-07,3.48,"data","above"
"1185","SHR",2009-06-03,4.06,"data","above"
"1186","SHR",2009-06-18,2.09,"data","above"
"1187","SHR",2010-01-06,2.21,"data","above"
"1188","SHR",2010-01-13,1.9,"data","above"
"1189","SHR",2010-01-21,5.23,"data","above"
"1190","SHR",2010-01-26,1.35,"data","above"
"1191","SHR",2010-02-03,1.9,"data","above"
"1192","SHR",2010-02-10,1.98,"data","above"
"1193","SHR",2010-02-17,2.74,"data","above"
"1194","SHR",2010-02-24,3.01,"data","above"
"1195","SHR",2010-03-03,1.76,"data","above"
"1196","SHR",2010-03-17,1.87,"data","above"
"1197","SHR",2010-03-30,2.88,"data","above"
"1198","SHR",2010-04-12,2.95,"data","above"
"1199","SHR",2010-04-28,11.53,"data","above"
"1200","SHR",2010-05-13,1.8,"data","above"
"1201","SHR",2010-05-27,2.27,"data","above"
"1202","SHR",2011-01-12,1.05,"data","above"
"1203","SHR",2011-01-26,2.17,"data","above"
"1204","SHR",2011-02-09,3.2,"data","above"
"1205","SHR",2011-02-23,1.86,"data","above"
"1206","SHR",2011-03-09,2.35,"data","above"
"1207","SHR",2011-03-29,1.85,"data","above"
"1208","SHR",2011-04-06,4.66,"data","above"
"1209","SHR",2011-04-13,4.17,"data","above"
"1210","SHR",2011-04-22,3.18,"data","above"
"1211","SHR",2011-05-04,2.57,"data","above"
"1212","SHR",2011-05-19,2.01,"data","above"
"1213","SHR",2011-06-01,3.15,"data","above"
"1214","SHR",2011-06-15,2.79,"data","above"
"1215","SHR",2011-06-29,1.99,"data","above"
"1216","SHR",2011-07-13,1.9,"data","above"
"1217","SHR",2011-07-26,2.35,"data","above"
"1218","SHR",2011-08-10,2.56,"data","above"
"1219","SHR",2011-08-24,2.14,"data","above"
"1220","SHR",2011-09-07,2.17,"data","above"
"1221","SHR",2011-09-20,1.75,"data","above"
"1222","SHR",2011-10-06,1.31,"data","above"
"1223","SHR",2011-10-19,1.24,"data","above"
"1224","SHR",2011-11-02,1.5,"data","above"
"1225","SHR",2011-11-15,2.3,"data","above"
"1226","SHR",2011-11-30,0.96,"data","above"
"1227","SHR",2011-12-14,1.99,"data","above"
"1228","SHR",2011-12-29,4.29,"data","above"
"1229","SHR",2012-01-11,4.18,"data","above"
"1230","SHR",2012-01-24,5.98,"data","above"
"1231","SHR",2012-02-08,3.64,"data","above"
"1232","SHR",2012-02-23,6.19,"data","above"
"1233","SHR",2012-03-07,4.93,"data","above"
"1234","SHR",2012-03-22,2.3,"data","above"
"1235","SHR",2012-04-04,1.92,"data","above"
"1236","SHR",2012-04-16,2.35,"data","above"
"1237","SHR",2012-05-02,2.96,"data","above"
"1238","SHR",2012-05-17,3.86,"data","above"
"1239","SHR",2012-05-31,5.37,"data","above"
"1240","SHR",2012-06-13,3.07,"data","above"
"1241","SHR",2012-06-25,3.16,"data","above"
"1242","SHR",2012-07-10,3,"data","above"
"1243","SHR",2012-07-25,3.46,"data","above"
"1244","SHR",2012-08-07,2.24,"data","above"
"1245","SHR",2012-08-21,1.95,"data","above"
"1246","SHR",2012-09-05,2.84,"data","above"
"1247","SHR",2012-09-21,0.99,"data","above"
"1248","SHR",2012-10-03,2.22,"data","above"
"1249","SHR",2012-10-19,1.53,"data","above"
"1250","SHR",2012-10-30,1.68,"data","above"
"1251","SHR",2012-11-13,1.69,"data","above"
"1252","SHR",2012-11-29,2.17,"data","above"
"1253","SHR",2012-12-12,1.48,"data","above"
"1254","SHR",2012-12-27,2.44,"data","above"
"1255","SHR",2013-01-03,1.19,"data","above"
"1256","SHR",2013-01-08,1.23,"data","above"
"1257","SHR",2013-01-18,1.32,"data","above"
"1258","SHR",2013-01-24,1.76,"data","above"
"1259","SHR",2013-01-30,1.7,"data","above"
"1260","SHR",2013-02-08,2.48,"data","above"
"1261","SHR",2013-02-13,2.8,"data","above"
"1262","SHR",2013-02-22,2.31,"data","above"
"1263","SHR",2013-02-27,2.29,"data","above"
"1264","SHR",2013-03-06,2.79,"data","above"
"1265","SHR",2013-03-13,2.6,"data","above"
"1266","SHR",2013-03-20,5.45,"data","above"
"1267","SHR",2013-04-03,21.68,"data","above"
"1268","SHR",2013-04-15,4.83,"data","above"
"1269","SHR",2013-04-29,6.51,"data","above"
"1270","SHR",2013-05-15,4.26,"data","above"
"1271","SHR",2013-05-31,2.99,"data","above"
"1272","SHR",2013-06-12,3.97,"data","above"
"1273","SHR",2013-06-26,2.81,"data","above"
"1274","SHR",2013-07-12,2.25,"data","above"
"1275","SHR",2013-07-25,2.73,"data","above"
"1276","SHR",2013-08-05,1.92,"data","above"
"1277","SHR",2013-08-23,2.64,"data","above"
"1278","SHR",2013-09-04,3.08,"data","above"
"1279","SHR",2013-09-16,3.25,"data","above"
"1280","SHR",2013-10-02,1.73,"data","above"
"1281","SHR",2013-10-16,1.7,"data","above"
"1282","SHR",2013-10-31,2.88,"data","above"
"1283","SHR",2013-11-13,2.3,"data","above"
"1284","SHR",2013-12-03,1.74,"data","above"
"1285","SHR",2013-12-17,2,"data","above"
"1286","SHR",2014-01-03,1.87,"data","above"
"1287","SHR",2014-01-14,2.27,"data","above"
"1288","SHR",2014-01-28,5.72,"data","above"
"1289","SHR",2014-02-11,8.12,"data","above"
"1290","SHR",2014-02-24,5.53,"data","above"
"1291","SHR",2014-03-12,3.96,"data","above"
"1292","SHR",2014-03-25,16.45,"data","above"
"1293","SHR",2014-04-07,4.25,"data","above"
"1294","SHR",2014-04-24,1.85,"data","above"
"1295","SHR",2014-05-07,9.29,"data","above"
"1296","SHR",2014-05-21,4.91,"data","above"
"1297","SHR",2014-06-10,3.21,"data","above"
"1298","SHR",2014-06-24,1.91,"data","above"
"1299","SHR",2014-07-24,1.78,"data","above"
"1300","SHR",2014-08-07,1.28,"data","above"
"1301","SHR",2014-08-22,0.75,"data","above"
"1302","SHR",2014-08-26,0.95,"data","above"
"1303","SHR",2014-09-09,1.26,"data","above"
"1304","SHR",2014-09-23,1.12,"data","above"
"1305","SHR",2014-10-06,0.9,"data","above"
"1306","SHR",2014-10-22,0.43,"data","above"
"1307","SHR",2014-11-04,0.81,"data","above"
"1308","SHR",2014-11-18,0.69,"data","above"
"1309","SHR",2014-12-03,1.12,"data","above"
"1310","SHR",2014-12-17,1.41,"data","above"
"1311","SHR",2014-12-29,0.82,"data","above"
"1312","SHR",2015-01-15,1.24,"data","above"
"1313","SHR",2015-01-21,1.61,"data","above"
"1314","SHR",2015-02-03,2.04,"data","above"
"1315","SHR",2015-02-18,3.29,"data","above"
"1316","SHR",2015-03-03,2.64,"data","above"
"1317","SHR",2015-03-17,2.48,"data","above"
"1318","SHR",2015-04-03,5.28,"data","above"
"1319","SHR",2015-04-17,4.67,"data","above"
"1320","SHR",2015-04-29,3.42,"data","above"
"1321","SHR",2015-05-19,1.68,"data","above"
"1322","SHR",2015-06-02,1.36,"data","above"
"1323","SHR",2015-06-16,1.08,"data","above"
"1324","SHR",2015-07-01,1.04,"data","above"
"1325","SHR",2015-07-14,1.2,"data","above"
"1326","SHR",2015-07-29,1.85,"data","above"
"1327","SHR",2015-08-05,0.99,"data","above"
"1328","SHR",2015-08-17,0.88,"data","above"
"1329","SHR",2015-08-31,1,"data","above"
"1330","SHR",2015-09-14,0.93,"data","above"
"1331","SHR",2015-09-28,0.87,"data","above"
"1332","SHR",2015-10-12,0.9,"data","above"
"1333","SHR",2015-10-28,1.42,"data","above"
"1334","SHR",2015-11-09,0.63,"data","above"
"1335","SHR",2015-11-23,0.8,"data","above"
"1336","SHR",2015-12-10,1.55,"data","above"
"1337","SHR",2015-12-22,6.13,"data","above"
"1338","SHR",2016-01-13,2.72,"data","above"
"1339","SHR",2016-01-28,1.53,"data","above"
"1340","SHR",2016-02-08,1.86,"data","above"
"1341","SHR",2016-02-23,3.55,"data","above"
"1342","SHR",2016-03-08,6.22,"data","above"
"1343","SHR",2016-03-17,1.95,"data","above"
"1344","SHR",2016-03-25,4.85,"data","above"
"1345","SHR",2016-03-30,5.28,"data","above"
"1346","SHR",2016-04-07,4.54,"data","above"
"1347","SHR",2016-04-18,3.4,"data","above"
"1348","SHR",2016-05-05,1.09,"data","above"
"1349","SHR",2016-05-20,1.18,"data","above"
"1350","SHR",2016-05-31,1.41,"data","above"
"1351","SHR",2016-06-13,1.8,"data","above"
"1352","SHR",2016-06-29,2.19,"data","above"
"1353","SHR",2016-07-06,2,"data","above"
"1354","SHR",2016-07-18,1.74,"data","above"
"1355","SHR",2016-08-01,1.58,"data","above"
"1356","SHR",2016-08-15,1.89,"data","above"
"1357","SHR",2016-08-29,2.02,"data","above"
"1358","SHR",2016-09-12,1.41,"data","above"
"1359","SHR",2016-09-19,1.68,"data","above"
"1360","SHR",2016-10-05,1.16,"data","above"
"1361","SHR",2016-10-19,0.8,"data","above"
"1362","SHR",2016-11-01,1.36,"data","above"
"1363","SHR",2016-11-18,0.7,"data","above"
"1364","SHR",2016-11-29,1.65,"data","above"
"1365","SHR",2016-12-14,3.05,"data","above"
"1366","SHR",2016-12-21,1.7,"data","above"
"1367","SHR",2016-12-29,1.69,"data","above"
"1368","SHR",2017-01-10,2.49,"data","above"
"1369","SHR",2017-01-23,1.14,"data","above"
"1370","SHR",2017-02-07,1.48,"data","above"
"1371","SHR",2017-02-23,0.67,"data","above"
"1372","SHR",2017-03-08,2.75,"data","above"
"1373","SHR",2017-03-21,3.2,"data","above"
"1374","SHR",2017-04-04,6.88,"data","above"
"1375","SHR",2017-04-19,2.45,"data","above"
"1376","SHR",2017-05-04,2.87,"data","above"
"1377","SHR",2017-05-17,2.6,"data","above"
"1378","SHR",2017-05-31,2.29,"data","above"
"1379","SHR",2017-06-13,2.8,"data","above"
"1380","SHR",2017-06-27,2.7,"data","above"
"1381","SHR",2017-07-18,3.58,"data","above"
"1382","SHR",2017-08-01,3.59,"data","above"
"1383","SHR",2017-08-15,3.73,"data","above"
"1384","SHR",2017-08-29,2.12,"data","above"
"1385","SHR",2017-09-12,2.46,"data","above"
"1386","SHR",2017-09-19,2.71,"data","above"
"1387","SHR",2017-10-03,2.19,"data","above"
"1388","SHR",2017-10-17,3.04,"data","above"
"1389","SHR",2017-11-01,2.09,"data","above"
"1390","SHR",2017-11-14,3.59,"data","above"
"1391","SHR",2017-11-28,2.84,"data","above"
"1392","SHR",2017-12-14,2.66,"data","above"
"1393","SHR",2017-12-19,4.13,"data","above"
"1394","SHR",2018-01-04,2.47,"data","above"
"1395","SHR",2018-01-18,3.23,"data","above"
"1396","SHR",2018-01-31,2.94,"data","above"
"1397","SHR",2018-02-14,2.87,"data","above"
"1398","SHR",2018-02-27,3.36,"data","above"
"1399","SHR",2018-03-13,3.85,"data","above"
"1400","SHR",2018-03-29,3.03,"data","above"
"1401","SHR",2018-04-11,2.73,"data","above"
"1402","SHR",2018-04-24,5.52,"data","above"
"1403","SHR",2018-05-02,6.06,"data","above"
"1404","SHR",2018-05-16,3.32,"data","above"
"1405","SHR",2018-05-29,4.14,"data","above"
"1406","SHR",2018-06-13,2.83,"data","above"
"1407","SHR",2018-06-27,3.75,"data","above"
"1408","SHR",2018-07-12,2.33,"data","above"
"1409","SHR",2018-07-25,2.37,"data","above"
"1410","SHR",2018-08-09,2.53,"data","above"
"1411","SHR",2018-08-23,1.35,"data","above"
"1412","SHR",2018-09-06,1.69,"data","above"
"1413","SHR",2018-09-20,1.14,"data","above"
"1414","SHR",2018-10-11,0.55,"data","above"
"1415","SHR",2018-10-26,0.98,"data","above"
"1416","SHR",2018-11-09,0.86,"data","above"
"1417","SHR",2018-11-27,2.9,"data","above"
"1418","SHR",2018-12-12,1.43,"data","above"
"1419","SHR",2018-12-27,1.81,"data","above"
"1420","SHR",2019-01-09,5.61,"data","above"
"1421","SHR",2019-01-23,2.1,"data","above"
"1422","SHR",2019-02-04,4.66,"data","above"
"1423","SHR",2019-02-20,1.49,"data","above"
"1424","SHR",2019-02-27,1.3,"data","above"
"1425","SHR",2019-03-12,1.28,"data","above"
"1426","SHR",2019-03-21,4.89,"data","above"
"1427","SHR",2019-03-29,2.23,"data","above"
"1428","SHR",2019-04-04,4.08,"data","above"
"1429","SHR",2019-04-09,2.64,"data","above"
"1430","SHR",2019-04-16,2.26,"data","above"
"1431","SHR",2019-04-23,3.76,"data","above"
"1432","SHR",2019-05-07,0.87,"data","above"
"1433","SHR",2019-05-21,2.57,"data","above"
"1434","SHR",2019-06-04,1.93,"data","above"
"1435","SHR",2019-06-18,1.29,"data","above"
"1436","SHR",2019-07-02,2.26,"data","above"
"1437","SHR",2019-07-16,2.36,"data","above"
"1438","SHR",2019-08-05,2.3,"data","above"
"1439","SHR",2019-08-19,1.43,"data","above"
"1440","SHR",2019-09-05,1.49,"data","above"
"1441","SHR",2019-09-16,1.4,"data","above"
"1442","SHR",2019-09-30,1.74,"data","above"
"1443","SHR",2019-10-14,1.13,"data","above"
"1444","SHR",2019-10-28,1.22,"data","above"
"1445","SHR",2019-11-13,1.28,"data","above"
"1446","SHR",2019-11-25,0.94,"data","above"
"1447","SHR",2019-12-10,3.52,"data","above"
"1448","SHR",2019-12-27,2,"data","above"
"1449","USGS-11447650",2017-06-22,3.9,"mean","above"
"1450","USGS-11447650",2019-07-23,2.4,"mean","above"
"1451","USGS-11447650",2019-08-20,2.45,"mean","above"
"1452","USGS-11447650",2019-09-19,1.9,"mean","above"
"1453","USGS-11447650",2019-10-22,1.74,"mean","above"
"1454","USGS-11447650",2019-12-17,2.05,"mean","above"
